source_id,title,description,requirements,company_name,location,salary_range,is_dataset_job
1,Software Engineer,"Develop and maintain web applications using modern frameworks
Industry: Technology",Problem Solving Logical Reasoning Attention to Detail Team Collaboration Critical Thinking,__DATASET__::Technology,Unknown,High paying,True
2,Data Scientist,"Analyze large datasets to extract business insights and build predictive models
Industry: Technology",Analytical Thinking Pattern Recognition Mathematical Reasoning Problem Solving Research Skills,__DATASET__::Technology,Unknown,High paying,True
3,Marketing Manager,"Lead marketing campaigns and brand strategy development
Industry: Marketing",Creative Thinking Strategic Planning Communication Leadership Project Management,__DATASET__::Marketing,Unknown,Average paying,True
4,UX Designer,"Design user-friendly interfaces and improve user experience
Industry: Technology",Creative Problem Solving Empathy Research Skills Visual Thinking User-Centered Design,__DATASET__::Technology,Unknown,Average paying,True
5,Financial Analyst,"Analyze financial data and prepare reports for investment decisions
Industry: Finance",Analytical Thinking Attention to Detail Mathematical Reasoning Critical Thinking Report Writing,__DATASET__::Finance,Unknown,Average paying,True
6,Project Manager,"Coordinate cross-functional teams to deliver projects on time and budget
Industry: Business Services",Leadership Organization Time Management Communication Risk Assessment,__DATASET__::Business Services,Unknown,Average paying,True
7,Sales Representative,"Generate leads and close deals with potential customers
Industry: Sales",Persuasion Communication Relationship Building Resilience Goal Orientation,__DATASET__::Sales,Unknown,Average paying,True
8,HR Specialist,"Manage recruitment processes and employee relations
Industry: Human Resources",Interpersonal Skills Communication Conflict Resolution Organizational Skills Discretion,__DATASET__::Human Resources,Unknown,Average paying,True
9,Graphic Designer,"Create visual content for marketing materials and brand assets
Industry: Creative Services",Creativity Visual Communication Color Theory Artistic Skills Brand Awareness,__DATASET__::Creative Services,Unknown,Average paying,True
10,Business Analyst,"Analyze business processes and recommend improvements
Industry: Business Services",Analytical Thinking Process Improvement Problem Solving Communication Systems Thinking,__DATASET__::Business Services,Unknown,Average paying,True
11,Content Writer,"Create engaging content for websites blogs and marketing materials
Industry: Media & Publishing",Creative Writing Research Skills Communication Adaptability Time Management,__DATASET__::Media & Publishing,Unknown,Average paying,True
12,Network Administrator,"Maintain and troubleshoot computer networks and systems
Industry: Technology",Problem Solving Technical Troubleshooting Logical Reasoning Attention to Detail Patience,__DATASET__::Technology,Unknown,Average paying,True
13,Accountant,"Prepare financial statements and manage accounting records
Industry: Finance",Mathematical Accuracy Attention to Detail Organizational Skills Analytical Thinking Ethics,__DATASET__::Finance,Unknown,Average paying,True
14,Customer Service Representative,"Provide support to customers via phone email and chat
Industry: Customer Service",Active Listening Patience Problem Solving Communication Empathy,__DATASET__::Customer Service,Unknown,Low paying,True
15,Operations Manager,"Oversee daily operations and optimize business processes
Industry: Business Services",Leadership Process Improvement Decision Making Strategic Thinking Team Management,__DATASET__::Business Services,Unknown,Average paying,True
16,DevOps Engineer,"Implement CI/CD pipelines and manage cloud infrastructure
Industry: Technology",Problem Solving Systems Thinking Automation Mindset Continuous Learning Technical Troubleshooting,__DATASET__::Technology,Unknown,High paying,True
17,Quality Assurance Tester,"Test software applications to identify bugs and ensure quality
Industry: Technology",Attention to Detail Critical Thinking Problem Solving Patience Systematic Thinking,__DATASET__::Technology,Unknown,Average paying,True
18,Social Media Manager,"Manage social media presence and create engaging content
Industry: Marketing",Creative Thinking Trend Awareness Communication Brand Awareness Community Building,__DATASET__::Marketing,Unknown,Average paying,True
19,Research Scientist,"Conduct scientific research and publish findings
Industry: Research & Development",Critical Thinking Research Skills Analytical Reasoning Persistence Scientific Writing,__DATASET__::Research & Development,Unknown,High paying,True
20,Legal Assistant,"Support lawyers with case preparation and legal documentation
Industry: Legal Services",Attention to Detail Research Skills Organization Confidentiality Time Management,__DATASET__::Legal Services,Unknown,Average paying,True
21,Web Developer,"Build and maintain websites using various programming languages
Industry: Technology",Problem Solving Creative Thinking Attention to Detail Continuous Learning Adaptability,__DATASET__::Technology,Unknown,Average paying,True
22,Nurse,"Provide patient care in healthcare settings
Industry: Healthcare",Compassion Clinical Judgment Communication Attention to Detail Stress Management,__DATASET__::Healthcare,Unknown,Average paying,True
23,Teacher,"Educate students and develop curriculum for classroom instruction
Industry: Education",Communication Patience Creativity Organization Adaptability,__DATASET__::Education,Unknown,Average paying,True
24,Mechanical Engineer,"Design and develop mechanical systems and products
Industry: Engineering",Problem Solving Mathematical Reasoning Spatial Reasoning Critical Thinking Project Management,__DATASET__::Engineering,Unknown,High paying,True
25,Digital Marketing Specialist,"Execute digital marketing campaigns across multiple channels
Industry: Marketing",Analytical Thinking Creative Problem Solving Data Interpretation Communication Trend Awareness,__DATASET__::Marketing,Unknown,Average paying,True
26,Database Administrator,"Manage and maintain database systems and ensure data integrity
Industry: Technology",Logical Reasoning Problem Solving Attention to Detail Systems Thinking Security Awareness,__DATASET__::Technology,Unknown,Average paying,True
27,Administrative Assistant,"Provide administrative support to executives and teams
Industry: Business Services",Organization Multitasking Communication Attention to Detail Discretion,__DATASET__::Business Services,Unknown,Low paying,True
28,Video Editor,"Edit and produce video content for various media platforms
Industry: Media & Publishing",Creativity Attention to Detail Time Management Visual Storytelling Technical Aptitude,__DATASET__::Media & Publishing,Unknown,Average paying,True
29,Cybersecurity Analyst,"Monitor and protect computer systems from security threats
Industry: Technology",Critical Thinking Problem Solving Attention to Detail Ethical Reasoning Continuous Learning,__DATASET__::Technology,Unknown,High paying,True
30,Supply Chain Coordinator,"Manage inventory and coordinate logistics operations
Industry: Logistics",Organization Analytical Thinking Communication Problem Solving Time Management,__DATASET__::Logistics,Unknown,Average paying,True
31,Mobile App Developer,"Develop mobile applications for iOS and Android platforms
Industry: Technology",Problem Solving Logical Reasoning User Experience Design Attention to Detail Innovation,__DATASET__::Technology,Unknown,High paying,True
32,Interior Designer,"Design interior spaces for residential and commercial properties
Industry: Design Services",Creativity Spatial Reasoning Communication Client Relations Project Management,__DATASET__::Design Services,Unknown,Average paying,True
33,Electrical Engineer,"Design electrical systems and troubleshoot electrical problems
Industry: Engineering",Problem Solving Mathematical Reasoning Safety Awareness Attention to Detail Critical Thinking,__DATASET__::Engineering,Unknown,High paying,True
34,Marketing Coordinator,"Support marketing initiatives and coordinate promotional activities
Industry: Marketing",Organization Communication Creative Thinking Time Management Attention to Detail,__DATASET__::Marketing,Unknown,Low paying,True
35,Technical Writer,"Create technical documentation and user manuals
Industry: Media & Publishing",Communication Clarity Logical Organization Research Skills Attention to Detail,__DATASET__::Media & Publishing,Unknown,Average paying,True
36,Pharmacist,"Dispense medications and provide pharmaceutical care to patients
Industry: Healthcare",Attention to Detail Communication Patient Care Scientific Knowledge Ethical Reasoning,__DATASET__::Healthcare,Unknown,High paying,True
37,Product Manager,"Define product strategy and coordinate product development
Industry: Technology",Strategic Thinking Leadership Communication Market Awareness Decision Making,__DATASET__::Technology,Unknown,High paying,True
38,Event Planner,"Plan and coordinate events from conception to execution
Industry: Hospitality",Organization Time Management Communication Problem Solving Attention to Detail,__DATASET__::Hospitality,Unknown,Average paying,True
39,Speech Therapist,"Provide therapy services to patients with communication disorders
Industry: Healthcare",Patience Communication Assessment Skills Empathy Problem Solving,__DATASET__::Healthcare,Unknown,Average paying,True
40,Civil Engineer,"Design and supervise construction of infrastructure projects
Industry: Engineering",Problem Solving Mathematical Reasoning Safety Awareness Project Management Critical Thinking,__DATASET__::Engineering,Unknown,High paying,True
41,SEO Specialist,"Optimize websites to improve search engine rankings
Industry: Marketing",Analytical Thinking Research Skills Attention to Detail Strategic Thinking Continuous Learning,__DATASET__::Marketing,Unknown,Average paying,True
42,Physical Therapist,"Provide rehabilitation services to patients with injuries
Industry: Healthcare",Empathy Physical Assessment Communication Patience Problem Solving,__DATASET__::Healthcare,Unknown,High paying,True
43,Investment Advisor,"Provide financial advice and investment recommendations to clients
Industry: Finance",Analytical Thinking Communication Risk Assessment Trust Building Financial Acumen,__DATASET__::Finance,Unknown,High paying,True
44,Veterinarian,"Provide medical care to animals and educate pet owners
Industry: Healthcare",Compassion Problem Solving Communication Scientific Knowledge Stress Management,__DATASET__::Healthcare,Unknown,High paying,True
45,Real Estate Agent,"Help clients buy sell and rent properties
Industry: Real Estate",Communication Negotiation Market Knowledge Relationship Building Persistence,__DATASET__::Real Estate,Unknown,Average paying,True
46,Chef,"Prepare meals and manage kitchen operations
Industry: Food Service",Creativity Time Management Leadership Attention to Detail Stress Management,__DATASET__::Food Service,Unknown,Average paying,True
47,Translator,"Translate written and spoken content between languages
Industry: Professional Services",Language Proficiency Cultural Awareness Attention to Detail Communication Adaptability,__DATASET__::Professional Services,Unknown,Average paying,True
48,Architect,"Design buildings and oversee construction projects
Industry: Architecture",Creativity Problem Solving Spatial Reasoning Communication Project Management,__DATASET__::Architecture,Unknown,High paying,True
49,Occupational Therapist,"Help patients develop skills for daily living activities
Industry: Healthcare",Empathy Problem Solving Communication Assessment Skills Patience,__DATASET__::Healthcare,Unknown,High paying,True
50,Construction Manager,"Oversee construction projects and manage construction teams
Industry: Construction",Leadership Problem Solving Safety Awareness Time Management Communication,__DATASET__::Construction,Unknown,High paying,True
51,Fashion Designer,"Design clothing and accessories for various markets
Industry: Fashion",Creativity Trend Awareness Visual Skills Innovation Color Theory,__DATASET__::Fashion,Unknown,Average paying,True
52,Massage Therapist,"Provide therapeutic massage services to clients
Industry: Healthcare",Physical Dexterity Empathy Communication Client Care Attention to Detail,__DATASET__::Healthcare,Unknown,Average paying,True
53,Insurance Agent,"Sell insurance policies and provide customer service
Industry: Insurance",Communication Persuasion Risk Assessment Trust Building Problem Solving,__DATASET__::Insurance,Unknown,Average paying,True
54,Dental Hygienist,"Provide dental cleaning and preventive care services
Industry: Healthcare",Attention to Detail Patient Care Communication Manual Dexterity Safety Awareness,__DATASET__::Healthcare,Unknown,Average paying,True
55,Personal Trainer,"Provide fitness training and exercise guidance to clients
Industry: Fitness & Recreation",Motivation Communication Goal Setting Safety Awareness Adaptability,__DATASET__::Fitness & Recreation,Unknown,Low paying,True
56,Photographer,"Capture and edit photographs for various purposes
Industry: Creative Services",Creativity Visual Composition Attention to Detail Communication Technical Aptitude,__DATASET__::Creative Services,Unknown,Average paying,True
57,Landscaper,"Design and maintain outdoor spaces and gardens
Industry: Landscaping",Creativity Physical Stamina Attention to Detail Planning Problem Solving,__DATASET__::Landscaping,Unknown,Low paying,True
58,Electrician,"Install and repair electrical systems in buildings
Industry: Construction",Problem Solving Safety Awareness Manual Dexterity Attention to Detail Logical Reasoning,__DATASET__::Construction,Unknown,Average paying,True
59,Plumber,"Install and repair plumbing systems and fixtures
Industry: Construction",Problem Solving Manual Dexterity Safety Awareness Attention to Detail Physical Stamina,__DATASET__::Construction,Unknown,Average paying,True
60,Carpenter,"Build and repair wooden structures and furniture
Industry: Construction",Manual Dexterity Problem Solving Attention to Detail Spatial Reasoning Craftsmanship,__DATASET__::Construction,Unknown,Average paying,True
61,Auto Mechanic,"Diagnose and repair automotive problems
Industry: Automotive",Problem Solving Logical Reasoning Manual Dexterity Attention to Detail Continuous Learning,__DATASET__::Automotive,Unknown,Average paying,True
62,Hair Stylist,"Provide hair cutting styling and coloring services
Industry: Personal Care",Creativity Communication Client Relations Manual Dexterity Trend Awareness,__DATASET__::Personal Care,Unknown,Low paying,True
63,Dental Assistant,"Assist dentists with patient care and office procedures
Industry: Healthcare",Attention to Detail Patient Care Communication Organization Multitasking,__DATASET__::Healthcare,Unknown,Low paying,True
64,Bartender,"Prepare and serve alcoholic and non-alcoholic beverages
Industry: Food Service",Communication Multitasking Customer Service Memory Creativity,__DATASET__::Food Service,Unknown,Low paying,True
65,Security Guard,"Monitor and protect property and people
Industry: Security",Vigilance Communication Problem Solving Stress Management Physical Fitness,__DATASET__::Security,Unknown,Low paying,True
66,Flight Attendant,"Ensure passenger safety and comfort during flights
Industry: Aviation",Communication Safety Awareness Customer Service Stress Management Cultural Sensitivity,__DATASET__::Aviation,Unknown,Average paying,True
67,Truck Driver,"Transport goods safely and efficiently over long distances
Industry: Transportation",Safety Awareness Time Management Navigation Stress Management Physical Stamina,__DATASET__::Transportation,Unknown,Average paying,True
68,Receptionist,"Greet visitors and handle phone calls and appointments
Industry: Business Services",Communication Organization Multitasking Customer Service Attention to Detail,__DATASET__::Business Services,Unknown,Low paying,True
69,Janitor,"Maintain cleanliness and sanitation of buildings
Industry: Facilities Management",Attention to Detail Time Management Physical Stamina Safety Awareness Work Ethic,__DATASET__::Facilities Management,Unknown,Low paying,True
70,Cashier,"Process customer transactions and provide customer service
Industry: Retail",Attention to Detail Communication Customer Service Mathematical Accuracy Multitasking,__DATASET__::Retail,Unknown,Low paying,True
71,Waiter,"Serve food and beverages to restaurant customers
Industry: Food Service",Communication Customer Service Multitasking Memory Physical Stamina,__DATASET__::Food Service,Unknown,Low paying,True
72,Retail Sales Associate,"Assist customers and process sales transactions
Industry: Retail",Communication Customer Service Persuasion Product Knowledge Patience,__DATASET__::Retail,Unknown,Low paying,True
73,Library Assistant,"Help patrons find resources and maintain library organization
Industry: Education",Research Skills Communication Organization Customer Service Attention to Detail,__DATASET__::Education,Unknown,Low paying,True
74,Museum Curator,"Manage museum collections and educational programs
Industry: Arts & Culture",Research Skills Communication Organization Cultural Awareness Project Management,__DATASET__::Arts & Culture,Unknown,Average paying,True
75,Park Ranger,"Protect natural resources and educate visitors about parks
Industry: Government",Communication Environmental Awareness Safety Skills Leadership Physical Fitness,__DATASET__::Government,Unknown,Average paying,True
76,Fire Fighter,"Respond to emergency situations and provide fire suppression
Industry: Public Safety",Physical Fitness Teamwork Stress Management Problem Solving Safety Awareness,__DATASET__::Public Safety,Unknown,Average paying,True
77,Police Officer,"Enforce laws and maintain public safety
Industry: Public Safety",Communication Problem Solving Physical Fitness Ethical Reasoning Stress Management,__DATASET__::Public Safety,Unknown,Average paying,True
78,Paramedic,"Provide emergency medical care and transport patients
Industry: Healthcare",Quick Decision Making Stress Management Communication Empathy Physical Fitness,__DATASET__::Healthcare,Unknown,Average paying,True
79,Social Worker,"Provide support services to individuals and families
Industry: Social Services",Empathy Communication Problem Solving Advocacy Skills Stress Management,__DATASET__::Social Services,Unknown,Average paying,True
80,Psychologist,"Provide mental health assessment and therapy services
Industry: Healthcare",Active Listening Empathy Analytical Thinking Communication Ethical Reasoning,__DATASET__::Healthcare,Unknown,High paying,True
81,Radiologic Technologist,"Perform medical imaging procedures for diagnosis
Industry: Healthcare",Attention to Detail Safety Awareness Communication Technical Aptitude Patient Care,__DATASET__::Healthcare,Unknown,Average paying,True
82,Medical Assistant,"Provide clinical and administrative support in healthcare
Industry: Healthcare",Multitasking Communication Organization Attention to Detail Empathy,__DATASET__::Healthcare,Unknown,Low paying,True
83,Laboratory Technician,"Perform laboratory tests and analyze samples
Industry: Healthcare",Attention to Detail Safety Awareness Analytical Thinking Organization Technical Aptitude,__DATASET__::Healthcare,Unknown,Average paying,True
84,Pharmacist Technician,"Assist pharmacists with medication preparation and inventory
Industry: Healthcare",Attention to Detail Organization Communication Customer Service Mathematical Accuracy,__DATASET__::Healthcare,Unknown,Low paying,True
85,Optician,"Fit and dispense eyeglasses and contact lenses
Industry: Healthcare",Customer Service Attention to Detail Communication Manual Dexterity Problem Solving,__DATASET__::Healthcare,Unknown,Average paying,True
86,Respiratory Therapist,"Provide respiratory care to patients with breathing disorders
Industry: Healthcare",Patient Care Communication Assessment Skills Problem Solving Stress Management,__DATASET__::Healthcare,Unknown,Average paying,True
87,Dietitian,"Provide nutrition counseling and meal planning services
Industry: Healthcare",Communication Analytical Thinking Empathy Research Skills Health Awareness,__DATASET__::Healthcare,Unknown,Average paying,True
88,Environmental Scientist,"Study environmental problems and develop solutions
Industry: Environmental Services",Research Skills Analytical Thinking Problem Solving Communication Environmental Awareness,__DATASET__::Environmental Services,Unknown,High paying,True
89,Geologist,"Study earth materials and processes for various applications
Industry: Mining & Resources",Research Skills Analytical Thinking Problem Solving Physical Stamina Attention to Detail,__DATASET__::Mining & Resources,Unknown,High paying,True
90,Meteorologist,"Study weather patterns and provide weather forecasts
Industry: Science & Research",Analytical Thinking Pattern Recognition Communication Data Interpretation Mathematical Reasoning,__DATASET__::Science & Research,Unknown,High paying,True
91,Astronomer,"Study celestial objects and phenomena in space
Industry: Science & Research",Research Skills Mathematical Reasoning Pattern Recognition Analytical Thinking Patience,__DATASET__::Science & Research,Unknown,High paying,True
92,Biologist,"Study living organisms and biological processes
Industry: Science & Research",Research Skills Analytical Thinking Problem Solving Attention to Detail Scientific Writing,__DATASET__::Science & Research,Unknown,High paying,True
93,Chemist,"Conduct chemical research and analysis for various applications
Industry: Science & Research",Analytical Thinking Safety Awareness Problem Solving Attention to Detail Research Skills,__DATASET__::Science & Research,Unknown,High paying,True
94,Physicist,"Study matter energy and their interactions
Industry: Science & Research",Mathematical Reasoning Analytical Thinking Problem Solving Research Skills Abstract Thinking,__DATASET__::Science & Research,Unknown,High paying,True
95,Mathematician,"Solve mathematical problems and develop mathematical theories
Industry: Science & Research",Logical Reasoning Abstract Thinking Problem Solving Pattern Recognition Analytical Thinking,__DATASET__::Science & Research,Unknown,High paying,True
96,Statistician,"Analyze data and develop statistical models
Industry: Science & Research",Analytical Thinking Mathematical Reasoning Pattern Recognition Attention to Detail Research Skills,__DATASET__::Science & Research,Unknown,High paying,True
97,Economist,"Study economic trends and analyze economic data
Industry: Economics",Analytical Thinking Research Skills Critical Thinking Mathematical Reasoning Communication,__DATASET__::Economics,Unknown,High paying,True
98,Political Scientist,"Study political systems and analyze political behavior
Industry: Social Sciences",Research Skills Analytical Thinking Critical Thinking Communication Writing Skills,__DATASET__::Social Sciences,Unknown,High paying,True
99,Sociologist,"Study human society and social behavior
Industry: Social Sciences",Research Skills Analytical Thinking Communication Cultural Awareness Critical Thinking,__DATASET__::Social Sciences,Unknown,High paying,True
100,Anthropologist,"Study human culture and social organization
Industry: Social Sciences",Research Skills Cultural Awareness Communication Analytical Thinking Adaptability,__DATASET__::Social Sciences,Unknown,High paying,True
101,Historian,"Research and analyze historical events and trends
Industry: Education",Research Skills Analytical Thinking Writing Skills Critical Thinking Attention to Detail,__DATASET__::Education,Unknown,Average paying,True
102,Journalist,"Research and report news stories for various media
Industry: Media & Publishing",Research Skills Communication Writing Skills Curiosity Time Management,__DATASET__::Media & Publishing,Unknown,Average paying,True
103,Editor,"Review and edit written content for publication
Industry: Media & Publishing",Attention to Detail Communication Writing Skills Critical Thinking Organization,__DATASET__::Media & Publishing,Unknown,Average paying,True
104,Public Relations Specialist,"Manage public image and media relations for organizations
Industry: Marketing",Communication Strategic Thinking Relationship Building Crisis Management Creativity,__DATASET__::Marketing,Unknown,Average paying,True
105,Advertising Executive,"Develop and implement advertising campaigns
Industry: Advertising",Creative Thinking Strategic Planning Communication Leadership Project Management,__DATASET__::Advertising,Unknown,High paying,True
106,Art Director,"Oversee visual aspects of advertising and media projects
Industry: Advertising",Creative Leadership Visual Communication Project Management Team Management,__DATASET__::Advertising,Unknown,High paying,True
107,Copywriter,"Write persuasive content for advertising and marketing
Industry: Advertising",Creative Writing Communication Persuasion Brand Awareness Research Skills,__DATASET__::Advertising,Unknown,Average paying,True
108,Film Director,"Direct actors and crew in film and video production
Industry: Entertainment",Leadership Creative Vision Communication Project Management Decision Making,__DATASET__::Entertainment,Unknown,High paying,True
109,Screenwriter,"Write scripts for films television and other media
Industry: Entertainment",Creative Writing Storytelling Research Skills Character Development Communication,__DATASET__::Entertainment,Unknown,Average paying,True
110,Actor,"Perform roles in theatrical film and television productions
Industry: Entertainment",Creativity Memorization Emotional Expression Communication Adaptability,__DATASET__::Entertainment,Unknown,Average paying,True
111,Musician,"Perform music for live audiences and recordings
Industry: Entertainment",Creativity Discipline Performance Skills Communication Collaboration,__DATASET__::Entertainment,Unknown,Average paying,True
112,Sound Engineer,"Operate audio equipment for recordings and live events
Industry: Entertainment",Technical Aptitude Attention to Detail Problem Solving Communication Creativity,__DATASET__::Entertainment,Unknown,Average paying,True
113,Video Game Designer,"Design gameplay mechanics and overall game experience
Industry: Gaming",Creative Problem Solving Systems Thinking User Experience Design Innovation Logical Reasoning,__DATASET__::Gaming,Unknown,High paying,True
114,Animation Artist,"Create animated sequences for films games and media
Industry: Entertainment",Creativity Visual Storytelling Attention to Detail Patience Technical Aptitude,__DATASET__::Entertainment,Unknown,Average paying,True
115,Comic Book Artist,"Create artwork and illustrations for comic books
Industry: Entertainment",Creativity Visual Storytelling Character Development Attention to Detail Time Management,__DATASET__::Entertainment,Unknown,Average paying,True
116,Fashion Model,"Model clothing and accessories for fashion shows and photography
Industry: Fashion",Physical Fitness Professionalism Adaptability Communication Self-Discipline,__DATASET__::Fashion,Unknown,Average paying,True
117,Dance Instructor,"Teach dance techniques and choreography to students
Industry: Arts & Culture",Physical Coordination Communication Teaching Skills Creativity Patience,__DATASET__::Arts & Culture,Unknown,Low paying,True
118,Yoga Instructor,"Lead yoga classes and provide instruction in yoga practices
Industry: Fitness & Recreation",Physical Fitness Communication Teaching Skills Mindfulness Empathy,__DATASET__::Fitness & Recreation,Unknown,Low paying,True
119,Sports Coach,"Train athletes and develop game strategies
Industry: Sports",Leadership Communication Motivation Strategic Thinking Physical Fitness,__DATASET__::Sports,Unknown,Average paying,True
120,Athletic Trainer,"Provide injury prevention and treatment for athletes
Industry: Sports",Physical Assessment Communication Problem Solving Safety Awareness Empathy,__DATASET__::Sports,Unknown,Average paying,True
121,Recreation Coordinator,"Plan and organize recreational activities and programs
Industry: Recreation",Organization Communication Leadership Time Management Creativity,__DATASET__::Recreation,Unknown,Average paying,True
122,Camp Counselor,"Supervise and lead activities for children at camps
Industry: Recreation",Communication Patience Leadership Safety Awareness Creativity,__DATASET__::Recreation,Unknown,Low paying,True
123,Cruise Director,"Organize entertainment and activities for cruise passengers
Industry: Hospitality",Communication Leadership Entertainment Skills Organization Customer Service,__DATASET__::Hospitality,Unknown,Average paying,True
124,Travel Agent,"Plan and book travel arrangements for clients
Industry: Travel & Tourism",Customer Service Organization Communication Research Skills Problem Solving,__DATASET__::Travel & Tourism,Unknown,Average paying,True
125,Hotel Manager,"Oversee hotel operations and ensure guest satisfaction
Industry: Hospitality",Leadership Customer Service Problem Solving Financial Management Communication,__DATASET__::Hospitality,Unknown,Average paying,True
126,Restaurant Manager,"Manage restaurant operations and staff
Industry: Food Service",Leadership Communication Customer Service Problem Solving Time Management,__DATASET__::Food Service,Unknown,Average paying,True
127,Catering Manager,"Plan and coordinate catering events and services
Industry: Food Service",Organization Leadership Communication Time Management Customer Service,__DATASET__::Food Service,Unknown,Average paying,True
128,Wedding Planner,"Plan and coordinate wedding ceremonies and receptions
Industry: Event Planning",Organization Communication Attention to Detail Time Management Customer Service,__DATASET__::Event Planning,Unknown,Average paying,True
129,Florist,"Design and arrange flowers for various occasions
Industry: Retail",Creativity Color Theory Customer Service Manual Dexterity Attention to Detail,__DATASET__::Retail,Unknown,Low paying,True
130,Baker,"Bake bread pastries and other baked goods
Industry: Food Service",Attention to Detail Time Management Creativity Safety Awareness Quality Control,__DATASET__::Food Service,Unknown,Low paying,True
131,Butcher,"Cut and prepare meat products for sale
Industry: Food Service",Manual Dexterity Safety Awareness Customer Service Attention to Detail Product Knowledge,__DATASET__::Food Service,Unknown,Low paying,True
132,Farmer,"Grow crops and raise livestock for food production
Industry: Agriculture",Physical Stamina Problem Solving Environmental Awareness Time Management Planning,__DATASET__::Agriculture,Unknown,Low paying,True
133,Fisherman,"Catch fish and other seafood for commercial purposes
Industry: Agriculture",Physical Stamina Safety Awareness Navigation Problem Solving Environmental Awareness,__DATASET__::Agriculture,Unknown,Low paying,True
134,Logger,"Harvest timber from forests for commercial use
Industry: Forestry",Physical Stamina Safety Awareness Environmental Awareness Equipment Operation Teamwork,__DATASET__::Forestry,Unknown,Average paying,True
135,Miner,"Extract minerals and resources from underground mines
Industry: Mining & Resources",Physical Stamina Safety Awareness Attention to Detail Teamwork Problem Solving,__DATASET__::Mining & Resources,Unknown,Average paying,True
136,Oil Rig Worker,"Operate equipment on offshore oil drilling platforms
Industry: Oil & Gas",Physical Stamina Safety Awareness Teamwork Problem Solving Stress Management,__DATASET__::Oil & Gas,Unknown,High paying,True
137,Solar Panel Installer,"Install and maintain solar energy systems
Industry: Renewable Energy",Safety Awareness Manual Dexterity Problem Solving Physical Fitness Environmental Awareness,__DATASET__::Renewable Energy,Unknown,Average paying,True
138,Wind Turbine Technician,"Maintain and repair wind energy equipment
Industry: Renewable Energy",Safety Awareness Physical Fitness Problem Solving Manual Dexterity Environmental Awareness,__DATASET__::Renewable Energy,Unknown,Average paying,True
139,HVAC Technician,"Install and repair heating ventilation and air conditioning systems
Industry: Construction",Problem Solving Manual Dexterity Safety Awareness Attention to Detail Customer Service,__DATASET__::Construction,Unknown,Average paying,True
140,Locksmith,"Install and repair locks and security systems
Industry: Security",Problem Solving Manual Dexterity Attention to Detail Customer Service Security Awareness,__DATASET__::Security,Unknown,Average paying,True
141,Watchmaker,"Repair and maintain timepieces and clocks
Industry: Specialized Services",Manual Dexterity Attention to Detail Patience Problem Solving Precision,__DATASET__::Specialized Services,Unknown,Average paying,True
142,Jeweler,"Design and repair jewelry and precious items
Industry: Retail",Manual Dexterity Creativity Attention to Detail Customer Service Visual Skills,__DATASET__::Retail,Unknown,Average paying,True
143,Tailor,"Alter and create custom clothing and garments
Industry: Personal Services",Manual Dexterity Attention to Detail Customer Service Problem Solving Creativity,__DATASET__::Personal Services,Unknown,Low paying,True
144,Cobbler,"Repair and restore shoes and leather goods
Industry: Personal Services",Manual Dexterity Problem Solving Attention to Detail Customer Service Craftsmanship,__DATASET__::Personal Services,Unknown,Low paying,True
145,Upholsterer,"Repair and reupholster furniture and cushions
Industry: Personal Services",Manual Dexterity Problem Solving Attention to Detail Customer Service Creativity,__DATASET__::Personal Services,Unknown,Low paying,True
146,Glass Blower,"Create decorative and functional glass objects
Industry: Arts & Crafts",Manual Dexterity Creativity Physical Stamina Safety Awareness Artistic Skills,__DATASET__::Arts & Crafts,Unknown,Average paying,True
147,Potter,"Create ceramic pottery and decorative items
Industry: Arts & Crafts",Creativity Manual Dexterity Attention to Detail Patience Artistic Skills,__DATASET__::Arts & Crafts,Unknown,Low paying,True
148,Blacksmith,"Shape and forge metal objects using traditional techniques
Industry: Arts & Crafts",Physical Stamina Manual Dexterity Safety Awareness Problem Solving Craftsmanship,__DATASET__::Arts & Crafts,Unknown,Average paying,True
149,Welder,"Join metal parts using various welding techniques
Industry: Manufacturing",Manual Dexterity Safety Awareness Attention to Detail Problem Solving Physical Stamina,__DATASET__::Manufacturing,Unknown,Average paying,True
150,Machinist,"Operate machine tools to create precision metal parts
Industry: Manufacturing",Attention to Detail Manual Dexterity Problem Solving Mathematical Reasoning Safety Awareness,__DATASET__::Manufacturing,Unknown,Average paying,True
151,Tool and Die Maker,"Create tools dies and fixtures for manufacturing
Industry: Manufacturing",Precision Manual Dexterity Problem Solving Mathematical Reasoning Attention to Detail,__DATASET__::Manufacturing,Unknown,High paying,True
152,Quality Control Inspector,"Inspect products to ensure they meet quality standards
Industry: Manufacturing",Attention to Detail Analytical Thinking Problem Solving Communication Organization,__DATASET__::Manufacturing,Unknown,Average paying,True
153,Assembly Line Worker,"Assemble products on manufacturing production lines
Industry: Manufacturing",Manual Dexterity Attention to Detail Repetitive Task Management Teamwork Quality Focus,__DATASET__::Manufacturing,Unknown,Low paying,True
154,Forklift Operator,"Operate forklifts to move materials in warehouses
Industry: Warehousing",Safety Awareness Spatial Awareness Attention to Detail Physical Coordination Responsibility,__DATASET__::Warehousing,Unknown,Low paying,True
155,Warehouse Manager,"Oversee warehouse operations and inventory management
Industry: Warehousing",Leadership Organization Problem Solving Safety Awareness Communication,__DATASET__::Warehousing,Unknown,Average paying,True
156,Shipping Clerk,"Prepare and process shipments for delivery
Industry: Logistics",Attention to Detail Organization Time Management Communication Problem Solving,__DATASET__::Logistics,Unknown,Low paying,True
157,Receiving Clerk,"Process incoming shipments and inventory
Industry: Logistics",Attention to Detail Organization Physical Stamina Communication Problem Solving,__DATASET__::Logistics,Unknown,Low paying,True
158,Inventory Specialist,"Track and manage inventory levels and stock
Industry: Logistics",Attention to Detail Organization Analytical Thinking Problem Solving Communication,__DATASET__::Logistics,Unknown,Average paying,True
159,Procurement Specialist,"Purchase goods and services for organizations
Industry: Business Services",Negotiation Analytical Thinking Communication Relationship Building Decision Making,__DATASET__::Business Services,Unknown,Average paying,True
160,Logistics Coordinator,"Coordinate transportation and distribution of goods
Industry: Logistics",Organization Communication Problem Solving Time Management Analytical Thinking,__DATASET__::Logistics,Unknown,Average paying,True
161,Import Export Specialist,"Manage international trade and shipping documentation
Industry: International Trade",Attention to Detail Organization Communication Cultural Awareness Problem Solving,__DATASET__::International Trade,Unknown,Average paying,True
162,Customs Broker,"Facilitate customs clearance for international shipments
Industry: International Trade",Attention to Detail Communication Problem Solving Regulatory Knowledge Relationship Building,__DATASET__::International Trade,Unknown,Average paying,True
163,Air Traffic Controller,"Direct aircraft movement and ensure flight safety
Industry: Aviation",Attention to Detail Multitasking Communication Stress Management Decision Making,__DATASET__::Aviation,Unknown,High paying,True
164,Ship Captain,"Navigate and command ships and vessels
Industry: Maritime",Leadership Navigation Skills Decision Making Safety Awareness Communication,__DATASET__::Maritime,Unknown,High paying,True
165,Train Conductor,"Operate trains and ensure passenger safety
Industry: Transportation",Safety Awareness Communication Attention to Detail Responsibility Problem Solving,__DATASET__::Transportation,Unknown,Average paying,True
166,Bus Driver,"Transport passengers safely on scheduled routes
Industry: Transportation",Safety Awareness Customer Service Communication Patience Responsibility,__DATASET__::Transportation,Unknown,Low paying,True
167,Taxi Driver,"Provide transportation services to passengers
Industry: Transportation",Customer Service Communication Navigation Problem Solving Safety Awareness,__DATASET__::Transportation,Unknown,Low paying,True
168,Delivery Driver,"Deliver packages and goods to customers
Industry: Transportation",Time Management Customer Service Navigation Problem Solving Physical Stamina,__DATASET__::Transportation,Unknown,Low paying,True
169,Mail Carrier,"Deliver mail and packages to residential and business addresses
Industry: Postal Services",Physical Stamina Attention to Detail Customer Service Navigation Time Management,__DATASET__::Postal Services,Unknown,Average paying,True
170,Courier,"Provide fast delivery services for documents and packages
Industry: Transportation",Time Management Problem Solving Customer Service Navigation Physical Stamina,__DATASET__::Transportation,Unknown,Low paying,True
171,Moving Company Worker,"Pack and transport household and office items
Industry: Moving Services",Physical Stamina Teamwork Customer Service Problem Solving Organization,__DATASET__::Moving Services,Unknown,Low paying,True
172,Landscaping Crew Leader,"Supervise landscaping teams and coordinate projects
Industry: Landscaping",Leadership Communication Safety Awareness Physical Stamina Problem Solving,__DATASET__::Landscaping,Unknown,Average paying,True
173,Groundskeeper,"Maintain grounds and outdoor spaces for facilities
Industry: Landscaping",Physical Stamina Attention to Detail Environmental Awareness Safety Awareness Problem Solving,__DATASET__::Landscaping,Unknown,Low paying,True
174,Golf Course Maintenance,"Maintain golf courses and playing surfaces
Industry: Recreation",Attention to Detail Physical Stamina Environmental Awareness Equipment Operation Problem Solving,__DATASET__::Recreation,Unknown,Low paying,True
175,Pool Maintenance Technician,"Clean and maintain swimming pools and spas
Industry: Maintenance Services",Safety Awareness Attention to Detail Customer Service Problem Solving Chemical Knowledge,__DATASET__::Maintenance Services,Unknown,Low paying,True
176,Pest Control Technician,"Identify and eliminate pest infestations
Industry: Pest Control",Problem Solving Safety Awareness Customer Service Attention to Detail Environmental Awareness,__DATASET__::Pest Control,Unknown,Average paying,True
177,House Cleaner,"Provide residential cleaning services
Industry: Cleaning Services",Attention to Detail Time Management Physical Stamina Customer Service Reliability,__DATASET__::Cleaning Services,Unknown,Low paying,True
178,Window Cleaner,"Clean windows and glass surfaces on buildings
Industry: Cleaning Services",Safety Awareness Physical Fitness Attention to Detail Problem Solving Customer Service,__DATASET__::Cleaning Services,Unknown,Low paying,True
179,Crime Scene Investigator,"Collect and analyze evidence from crime scenes
Industry: Law Enforcement",Attention to Detail Analytical Thinking Problem Solving Communication Ethical Reasoning,__DATASET__::Law Enforcement,Unknown,High paying,True
180,Private Investigator,"Conduct investigations for legal and personal matters
Industry: Legal Services",Research Skills Problem Solving Communication Discretion Persistence,__DATASET__::Legal Services,Unknown,Average paying,True
181,Forensic Accountant,"Investigate financial crimes and fraud
Industry: Legal Services",Analytical Thinking Attention to Detail Problem Solving Ethical Reasoning Communication,__DATASET__::Legal Services,Unknown,High paying,True
182,Court Reporter,"Create written records of legal proceedings
Industry: Legal Services",Attention to Detail Listening Skills Accuracy Time Management Concentration,__DATASET__::Legal Services,Unknown,Average paying,True
183,Bailiff,"Maintain order in courtrooms and provide security
Industry: Legal Services",Communication Physical Fitness Authority Safety Awareness Conflict Resolution,__DATASET__::Legal Services,Unknown,Average paying,True
184,Process Server,"Deliver legal documents to individuals and businesses
Industry: Legal Services",Communication Persistence Problem Solving Navigation Customer Service,__DATASET__::Legal Services,Unknown,Low paying,True
185,Notary Public,"Verify identities and witness document signings
Industry: Legal Services",Attention to Detail Communication Ethical Reasoning Customer Service Organization,__DATASET__::Legal Services,Unknown,Low paying,True
186,Tax Preparer,"Prepare tax returns for individuals and businesses
Industry: Financial Services",Attention to Detail Mathematical Accuracy Customer Service Problem Solving Organization,__DATASET__::Financial Services,Unknown,Low paying,True
187,Bookkeeper,"Maintain financial records for small businesses
Industry: Financial Services",Attention to Detail Organization Mathematical Accuracy Communication Reliability,__DATASET__::Financial Services,Unknown,Average paying,True
188,Payroll Clerk,"Process employee payroll and maintain payroll records
Industry: Human Resources",Attention to Detail Mathematical Accuracy Discretion Organization Time Management,__DATASET__::Human Resources,Unknown,Average paying,True
189,Benefits Administrator,"Manage employee benefits programs and enrollment
Industry: Human Resources",Communication Organization Attention to Detail Customer Service Problem Solving,__DATASET__::Human Resources,Unknown,Average paying,True
190,Training Coordinator,"Develop and coordinate employee training programs
Industry: Human Resources",Communication Organization Presentation Skills Problem Solving Leadership,__DATASET__::Human Resources,Unknown,Average paying,True
191,Talent Acquisition Specialist,"Recruit and hire qualified candidates for positions
Industry: Human Resources",Communication Relationship Building Assessment Skills Persuasion Organization,__DATASET__::Human Resources,Unknown,Average paying,True
192,Compensation Analyst,"Analyze and develop compensation structures and policies
Industry: Human Resources",Analytical Thinking Mathematical Reasoning Research Skills Communication Attention to Detail,__DATASET__::Human Resources,Unknown,High paying,True
193,Employee Relations Specialist,"Handle employee concerns and workplace issues
Industry: Human Resources",Communication Conflict Resolution Problem Solving Discretion Empathy,__DATASET__::Human Resources,Unknown,Average paying,True
194,Safety Coordinator,"Develop and implement workplace safety programs
Industry: Safety & Compliance",Safety Awareness Communication Training Skills Problem Solving Leadership,__DATASET__::Safety & Compliance,Unknown,Average paying,True
195,Environmental Compliance Specialist,"Ensure compliance with environmental regulations
Industry: Environmental Services",Environmental Awareness Attention to Detail Communication Problem Solving Analytical Thinking,__DATASET__::Environmental Services,Unknown,Average paying,True
196,Regulatory Affairs Specialist,"Ensure compliance with industry regulations
Industry: Regulatory Affairs",Attention to Detail Communication Analytical Thinking Problem Solving Organization,__DATASET__::Regulatory Affairs,Unknown,Average paying,True
197,Risk Management Analyst,"Identify and assess business risks and mitigation strategies
Industry: Risk Management",Analytical Thinking Problem Solving Communication Research Skills Critical Thinking,__DATASET__::Risk Management,Unknown,High paying,True
198,Internal Auditor,"Examine financial records and internal controls
Industry: Finance",Analytical Thinking Attention to Detail Problem Solving Communication Ethical Reasoning,__DATASET__::Finance,Unknown,High paying,True
199,External Auditor,"Conduct independent audits of organizations
Industry: Finance",Analytical Thinking Attention to Detail Communication Ethical Reasoning Critical Thinking,__DATASET__::Finance,Unknown,High paying,True
200,Compliance Officer,"Ensure organizational compliance with laws and regulations
Industry: Regulatory Affairs",Attention to Detail Communication Problem Solving Ethical Reasoning Analytical Thinking,__DATASET__::Regulatory Affairs,Unknown,High paying,True
201,Ethics Officer,"Develop and oversee organizational ethics programs
Industry: Corporate Governance",Ethical Reasoning Communication Leadership Problem Solving Training Skills,__DATASET__::Corporate Governance,Unknown,High paying,True
202,Chief Executive Officer,"Lead organizational strategy and overall operations
Industry: Executive Leadership",Strategic Thinking Leadership Decision Making Communication Visionary Thinking,__DATASET__::Executive Leadership,Unknown,High paying,True
203,Chief Financial Officer,"Oversee financial operations and strategy
Industry: Executive Leadership",Financial Acumen Strategic Thinking Leadership Risk Management Decision Making,__DATASET__::Executive Leadership,Unknown,High paying,True
204,Chief Technology Officer,"Lead technology strategy and innovation
Industry: Executive Leadership",Strategic Thinking Innovation Leadership Technical Vision Team Building,__DATASET__::Executive Leadership,Unknown,High paying,True
205,Chief Marketing Officer,"Develop and execute marketing strategy
Industry: Executive Leadership",Strategic Thinking Brand Leadership Communication Market Awareness Innovation,__DATASET__::Executive Leadership,Unknown,High paying,True
206,Chief Human Resources Officer,"Lead human resources strategy and operations
Industry: Executive Leadership",Strategic Thinking Leadership Employee Relations Organizational Development Communication,__DATASET__::Executive Leadership,Unknown,High paying,True
207,Chief Operating Officer,"Oversee daily operations and process improvement
Industry: Executive Leadership",Operations Management Leadership Strategic Thinking Process Improvement Decision Making,__DATASET__::Executive Leadership,Unknown,High paying,True
208,Vice President of Sales,"Lead sales strategy and team management
Industry: Executive Leadership",Sales Leadership Strategic Thinking Team Management Revenue Growth Communication,__DATASET__::Executive Leadership,Unknown,High paying,True
209,Vice President of Engineering,"Lead engineering teams and technical strategy
Industry: Executive Leadership",Technical Leadership Strategic Thinking Team Management Innovation Problem Solving,__DATASET__::Executive Leadership,Unknown,High paying,True
210,Director of Product Management,"Oversee product strategy and development
Industry: Executive Leadership",Strategic Thinking Market Awareness Leadership Product Vision Decision Making,__DATASET__::Executive Leadership,Unknown,High paying,True
211,Beekeeper,"Manage bee colonies and harvest honey products
Industry: Agriculture",Animal Husbandry Seasonal Planning Protective Equipment Use Honey Processing Agricultural Knowledge,__DATASET__::Agriculture,Unknown,Low paying,True
212,Chocolatier,"Create artisanal chocolates and confections
Industry: Food Production",Culinary Arts Temperature Control Flavor Pairing Creative Presentation Food Safety,__DATASET__::Food Production,Unknown,Average paying,True
213,Cartographer,"Create and update maps using geographic data
Industry: Mapping & Surveying",Geographic Information Systems Spatial Analysis Attention to Detail Technical Drawing Survey Data,__DATASET__::Mapping & Surveying,Unknown,Average paying,True
214,Sommelier,"Evaluate and recommend wines and beverages
Industry: Hospitality",Wine Knowledge Taste Analysis Customer Service Beverage Pairing Sensory Skills,__DATASET__::Hospitality,Unknown,Average paying,True
215,Auction House Appraiser,"Evaluate and authenticate valuable items for auction
Industry: Art & Antiques",Art History Valuation Skills Authentication Research Attention to Detail,__DATASET__::Art & Antiques,Unknown,Average paying,True
216,Perfumer,"Create fragrances and scent compositions
Industry: Cosmetics",Olfactory Skills Chemistry Knowledge Creative Blending Sensory Analysis Market Trends,__DATASET__::Cosmetics,Unknown,Average paying,True
217,Gemologist,"Examine and grade precious stones and jewelry
Industry: Jewelry",Gemstone Knowledge Microscopy Grading Standards Attention to Detail Certification,__DATASET__::Jewelry,Unknown,Average paying,True
218,Lighthouse Keeper,"Maintain lighthouse operations and maritime safety
Industry: Maritime",Maritime Safety Equipment Maintenance Weather Monitoring Isolation Tolerance Emergency Response,__DATASET__::Maritime,Unknown,Average paying,True
219,Blackjack Dealer,"Deal cards and manage casino table games
Industry: Gaming",Mathematics Quick Calculation Customer Service Game Rules Hand Dexterity,__DATASET__::Gaming,Unknown,Low paying,True
220,Rodeo Clown,"Entertain crowds and protect riders at rodeo events
Industry: Entertainment",Physical Agility Entertainment Skills Animal Behavior Safety Skills Performance,__DATASET__::Entertainment,Unknown,Low paying,True
221,Cheese Maker,"Produce artisanal cheeses and dairy products
Industry: Food Production",Fermentation Science Quality Control Sanitation Temperature Monitoring Aging Processes,__DATASET__::Food Production,Unknown,Average paying,True
222,Crop Duster Pilot,"Spray agricultural fields from aircraft
Industry: Agriculture",Aviation Skills Agricultural Knowledge Weather Assessment Precision Flying Chemical Safety,__DATASET__::Agriculture,Unknown,High paying,True
223,Ice Road Trucker,"Transport goods over frozen waterways
Industry: Transportation",Cold Weather Driving Ice Conditions Assessment Vehicle Maintenance Isolation Tolerance Risk Management,__DATASET__::Transportation,Unknown,High paying,True
224,Bomb Disposal Expert,"Safely disarm explosive devices
Industry: Public Safety",Explosives Knowledge Steady Hands Risk Assessment Problem Solving Attention to Detail,__DATASET__::Public Safety,Unknown,High paying,True
225,Funeral Director,"Coordinate funeral services and support grieving families
Industry: Funeral Services",Grief Counseling Event Planning Empathy Communication Organization,__DATASET__::Funeral Services,Unknown,Average paying,True
226,Marine Biologist,"Study ocean ecosystems and marine life populations
Industry: Marine Science",Research Skills Environmental Science Diving Certification Data Analysis Scientific Writing,__DATASET__::Marine Science,Unknown,High paying,True
227,Robotics Engineer,"Design and program automated systems and robots
Industry: Robotics",Programming Mechanical Design Systems Integration Problem Solving Innovation,__DATASET__::Robotics,Unknown,High paying,True
228,Blockchain Developer,"Create decentralized applications and cryptocurrency systems
Industry: Technology",Programming Cryptography Distributed Systems Security Protocols Innovation,__DATASET__::Technology,Unknown,High paying,True
229,Sustainability Consultant,"Advise organizations on environmental and social responsibility
Industry: Environmental Services",Environmental Science Strategic Planning Data Analysis Communication Stakeholder Management,__DATASET__::Environmental Services,Unknown,High paying,True
230,Voice Actor,"Provide voice talent for animation commercials and media
Industry: Entertainment",Voice Control Acting Skills Audio Recording Character Development Adaptability,__DATASET__::Entertainment,Unknown,Average paying,True
231,Patent Examiner,"Review patent applications for government agencies
Industry: Government",Technical Analysis Legal Research Attention to Detail Critical Thinking Report Writing,__DATASET__::Government,Unknown,Average paying,True
232,Archivist,"Preserve and organize historical documents and records
Industry: Cultural Heritage",Historical Research Organization Digital Preservation Information Management Attention to Detail,__DATASET__::Cultural Heritage,Unknown,Average paying,True
233,Medical Illustrator,"Create detailed anatomical drawings and medical graphics
Industry: Healthcare",Medical Knowledge Artistic Skills Digital Illustration Attention to Detail Scientific Accuracy,__DATASET__::Healthcare,Unknown,Average paying,True
234,Forensic Psychologist,"Evaluate criminal behavior and provide expert testimony
Industry: Legal Services",Psychological Assessment Criminal Justice Knowledge Report Writing Ethical Reasoning Communication,__DATASET__::Legal Services,Unknown,High paying,True
235,Wind Farm Manager,"Oversee renewable energy operations and maintenance
Industry: Renewable Energy",Project Management Renewable Energy Safety Protocols Team Leadership Environmental Awareness,__DATASET__::Renewable Energy,Unknown,High paying,True
236,Quantum Computing Researcher,"Develop quantum algorithms and computing systems
Industry: Science & Research",Quantum Physics Programming Mathematical Modeling Research Skills Innovation,__DATASET__::Science & Research,Unknown,High paying,True
237,Ethical Hacker,"Test cybersecurity systems by identifying vulnerabilities
Industry: Technology",Cybersecurity Programming Network Security Problem Solving Ethical Reasoning,__DATASET__::Technology,Unknown,High paying,True
238,Disaster Recovery Specialist,"Plan and coordinate emergency response procedures
Industry: Emergency Services",Emergency Management Risk Assessment Communication Leadership Crisis Management,__DATASET__::Emergency Services,Unknown,Average paying,True
239,Viticulturist,"Grow and harvest grapes for wine production
Industry: Agriculture",Agricultural Science Soil Management Weather Analysis Quality Control Seasonal Planning,__DATASET__::Agriculture,Unknown,Average paying,True
240,Paleontologist,"Study fossilized remains of ancient organisms
Industry: Science & Research",Geological Knowledge Research Skills Excavation Techniques Scientific Writing Attention to Detail,__DATASET__::Science & Research,Unknown,High paying,True
241,Cryptographer,"Develop secure communication systems and encryption
Industry: Technology",Mathematics Programming Security Protocols Logical Reasoning Problem Solving,__DATASET__::Technology,Unknown,High paying,True
242,Biomechanical Engineer,"Design medical devices and prosthetics
Industry: Engineering",Engineering Principles Medical Knowledge CAD Design Problem Solving Innovation,__DATASET__::Engineering,Unknown,High paying,True
243,Food Scientist,"Research food safety nutrition and product development
Industry: Food Science",Chemistry Biology Food Safety Regulations Research Skills Innovation,__DATASET__::Food Science,Unknown,High paying,True
244,Sleep Technologist,"Monitor and analyze sleep patterns for medical diagnosis
Industry: Healthcare",Medical Technology Patient Care Data Analysis Attention to Detail Technical Equipment,__DATASET__::Healthcare,Unknown,Average paying,True
245,Drone Pilot,"Operate unmanned aerial vehicles for various applications
Industry: Aviation",Aviation Regulations Remote Piloting Weather Assessment Safety Protocols Technical Skills,__DATASET__::Aviation,Unknown,Average paying,True
246,Biostatistician,"Analyze biological and health data for research
Industry: Healthcare",Statistics Mathematical Modeling Data Analysis Programming Research Skills,__DATASET__::Healthcare,Unknown,High paying,True
247,Genealogist,"Research family histories and ancestry records
Industry: Professional Services",Historical Research Database Management Communication Attention to Detail Documentation,__DATASET__::Professional Services,Unknown,Average paying,True
248,Animal Behaviorist,"Study and modify animal behavior patterns
Industry: Animal Sciences",Animal Psychology Research Skills Observation Patience Problem Solving,__DATASET__::Animal Sciences,Unknown,Average paying,True
249,Aquaculture Farmer,"Raise fish and aquatic organisms for commercial purposes
Industry: Agriculture",Aquatic Biology Water Quality Management Equipment Operation Problem Solving Environmental Awareness,__DATASET__::Agriculture,Unknown,Average paying,True
250,Holographic Designer,"Create three dimensional visual displays and experiences
Industry: Technology",3D Modeling Programming Optical Physics Creative Vision Technical Innovation,__DATASET__::Technology,Unknown,High paying,True
251,Space Mission Planner,"Design and coordinate space exploration missions
Industry: Aerospace",Aerospace Engineering Project Management Systems Analysis Risk Assessment Strategic Planning,__DATASET__::Aerospace,Unknown,High paying,True
252,Neuropsychologist,"Study brain function and treat neurological disorders
Industry: Healthcare",Neuroscience Psychology Assessment Skills Research Methods Clinical Reasoning,__DATASET__::Healthcare,Unknown,High paying,True
253,Atmospheric Scientist,"Study weather patterns and climate change
Industry: Environmental Sciences",Meteorology Data Analysis Research Skills Environmental Science Mathematical Modeling,__DATASET__::Environmental Sciences,Unknown,High paying,True
254,Biomedical Engineer,"Design medical equipment and biological systems
Industry: Engineering",Engineering Biology Medical Devices Problem Solving Innovation,__DATASET__::Engineering,Unknown,High paying,True
255,Cryptocurrency Analyst,"Analyze digital currency markets and trends
Industry: Finance",Financial Analysis Blockchain Technology Market Research Data Interpretation Risk Assessment,__DATASET__::Finance,Unknown,High paying,True
256,Virtual Reality Developer,"Create immersive digital experiences and applications
Industry: Technology",3D Programming User Experience Design Spatial Design Innovation Technical Skills,__DATASET__::Technology,Unknown,High paying,True
257,Forensic Anthropologist,"Analyze human remains for legal investigations
Industry: Forensic Science",Anatomy Archaeological Methods Legal Procedures Research Skills Attention to Detail,__DATASET__::Forensic Science,Unknown,High paying,True
258,Artificial Intelligence Trainer,"Develop and train machine learning models
Industry: Technology",Machine Learning Programming Data Science Algorithm Development Problem Solving,__DATASET__::Technology,Unknown,High paying,True
259,Organ Transplant Coordinator,"Facilitate organ donation and transplant procedures
Industry: Healthcare",Medical Knowledge Communication Ethical Reasoning Time Management Crisis Management,__DATASET__::Healthcare,Unknown,High paying,True
260,Nanotechnology Engineer,"Design and create materials at the molecular level
Industry: Engineering",Materials Science Physics Chemistry Innovation Problem Solving,__DATASET__::Engineering,Unknown,High paying,True
261,Esports Coach,"Train professional video game players and teams
Industry: Gaming",Gaming Strategy Team Leadership Communication Performance Analysis Motivation,__DATASET__::Gaming,Unknown,Average paying,True
262,Podcast Producer,"Create and manage audio content for digital platforms
Industry: Media & Publishing",Audio Production Storytelling Project Management Communication Creative Direction,__DATASET__::Media & Publishing,Unknown,Average paying,True
263,Renewable Energy Analyst,"Evaluate and optimize clean energy systems
Industry: Renewable Energy",Energy Systems Analysis Data Interpretation Environmental Science Financial Modeling Market Research,__DATASET__::Renewable Energy,Unknown,High paying,True
264,Genetic Counselor,"Provide guidance on hereditary conditions and genetic testing
Industry: Healthcare",Genetics Medical Knowledge Counseling Skills Communication Empathy,__DATASET__::Healthcare,Unknown,High paying,True
265,Computational Biologist,"Use computer modeling to solve biological problems
Industry: Science & Research",Biology Programming Data Analysis Mathematical Modeling Research Skills,__DATASET__::Science & Research,Unknown,High paying,True
266,User Interface Designer,"Create intuitive digital interfaces and experiences
Industry: Technology",Design Principles User Psychology Prototyping Software Skills Creative Problem Solving,__DATASET__::Technology,Unknown,Average paying,True
267,Seismologist,"Study earthquakes and earth movements
Industry: Earth Sciences",Geology Data Analysis Research Skills Mathematical Modeling Fieldwork,__DATASET__::Earth Sciences,Unknown,High paying,True
268,Food Safety Inspector,"Ensure restaurants and food facilities meet health standards
Industry: Government",Food Safety Regulations Attention to Detail Communication Problem Solving Report Writing,__DATASET__::Government,Unknown,Average paying,True
269,Organ Procurement Coordinator,"Manage the process of organ donation and recovery
Industry: Healthcare",Medical Knowledge Communication Time Management Ethical Reasoning Crisis Management,__DATASET__::Healthcare,Unknown,High paying,True
270,Renewable Energy Technician,"Install and maintain solar wind and other clean energy systems
Industry: Renewable Energy",Electrical Skills Safety Protocols Problem Solving Environmental Awareness Equipment Maintenance,__DATASET__::Renewable Energy,Unknown,Average paying,True
271,Cybersecurity Consultant,"Advise organizations on digital security strategies
Industry: Technology",Cybersecurity Risk Assessment Communication Strategic Planning Problem Solving,__DATASET__::Technology,Unknown,High paying,True
272,Wearable Technology Designer,"Create smart devices and health monitoring equipment
Industry: Technology",Electronics Design Programming User Experience Innovation Problem Solving,__DATASET__::Technology,Unknown,High paying,True
273,Offshore Wind Specialist,"Design and maintain ocean based wind energy systems
Industry: Renewable Energy",Marine Engineering Renewable Energy Safety Protocols Project Management Environmental Awareness,__DATASET__::Renewable Energy,Unknown,High paying,True
274,Cognitive Behavioral Therapist,"Provide specialized mental health treatment
Industry: Healthcare",Psychology Therapeutic Techniques Active Listening Empathy Problem Solving,__DATASET__::Healthcare,Unknown,High paying,True
275,Synthetic Biology Engineer,"Design and create artificial biological systems
Industry: Biotechnology",Biology Engineering Programming Innovation Problem Solving,__DATASET__::Biotechnology,Unknown,High paying,True
276,Digital Forensics Investigator,"Recover and analyze digital evidence for legal cases
Industry: Law Enforcement",Computer Forensics Legal Procedures Attention to Detail Problem Solving Technical Analysis,__DATASET__::Law Enforcement,Unknown,High paying,True
277,Climate Change Analyst,"Study environmental data and climate patterns
Industry: Environmental Services",Environmental Science Data Analysis Research Skills Mathematical Modeling Policy Analysis,__DATASET__::Environmental Services,Unknown,High paying,True
278,Bioethicist,"Advise on ethical issues in medicine and biology
Industry: Healthcare",Ethics Philosophy Critical Thinking Communication Medical Knowledge,__DATASET__::Healthcare,Unknown,High paying,True
279,Space Debris Tracker,"Monitor and predict movements of orbital debris
Industry: Aerospace",Orbital Mechanics Mathematical Modeling Data Analysis Problem Solving Space Science,__DATASET__::Aerospace,Unknown,High paying,True
280,Precision Agriculture Specialist,"Use technology to optimize crop production
Industry: Agriculture",Agricultural Science GPS Technology Data Analysis Problem Solving Innovation,__DATASET__::Agriculture,Unknown,High paying,True
281,Disaster Response Coordinator,"Organize emergency relief efforts and resources
Industry: Emergency Services",Emergency Management Leadership Communication Crisis Management Resource Allocation,__DATASET__::Emergency Services,Unknown,Average paying,True
282,Molecular Gastronomy Chef,"Create innovative culinary experiences using science
Industry: Food Service",Culinary Arts Chemistry Innovation Creativity Problem Solving,__DATASET__::Food Service,Unknown,High paying,True
283,Augmented Reality Developer,"Create applications that blend digital and physical worlds
Industry: Technology",Programming 3D Modeling User Experience Innovation Problem Solving,__DATASET__::Technology,Unknown,High paying,True
284,Marine Archaeologist,"Study underwater historical sites and artifacts
Industry: Cultural Heritage",Archaeology Diving Skills Historical Research Attention to Detail Documentation,__DATASET__::Cultural Heritage,Unknown,Average paying,True
285,Bioinformatics Specialist,"Analyze biological data using computational methods
Industry: Science & Research",Biology Programming Data Analysis Mathematical Modeling Research Skills,__DATASET__::Science & Research,Unknown,High paying,True
286,Sustainable Architecture Designer,"Design environmentally friendly buildings and structures
Industry: Architecture",Architecture Environmental Science Energy Systems Creative Design Project Management,__DATASET__::Architecture,Unknown,High paying,True
287,Telepresence Robot Operator,"Control remote robots for various applications
Industry: Technology",Technical Skills Problem Solving Communication Spatial Awareness Attention to Detail,__DATASET__::Technology,Unknown,Average paying,True
288,Coral Reef Restoration Specialist,"Rehabilitate damaged marine ecosystems
Industry: Environmental Services",Marine Biology Environmental Science Diving Skills Project Management Problem Solving,__DATASET__::Environmental Services,Unknown,High paying,True
289,Space Weather Forecaster,"Predict solar activity and its effects on Earth
Industry: Space Science",Astronomy Data Analysis Mathematical Modeling Research Skills Communication,__DATASET__::Space Science,Unknown,High paying,True
290,Bioprinting Technician,"Operate 3D printers that create biological tissues
Industry: Biotechnology",Biology 3D Printing Technology Medical Knowledge Attention to Detail Innovation,__DATASET__::Biotechnology,Unknown,High paying,True
291,Smart City Planner,"Design technology integrated urban environments
Industry: Urban Development",Urban Planning Technology Systems Analysis Innovation Strategic Thinking,__DATASET__::Urban Development,Unknown,High paying,True
292,Neuroengineering Researcher,"Develop brain computer interfaces and neural devices
Industry: Science & Research",Neuroscience Engineering Programming Innovation Problem Solving,__DATASET__::Science & Research,Unknown,High paying,True
293,Cryptocurrency Mining Coordinator,"Manage digital currency mining operations
Industry: Technology",Blockchain Technology Computer Hardware Energy Management Problem Solving Technical Skills,__DATASET__::Technology,Unknown,High paying,True
294,Vertical Farm Manager,"Oversee indoor agricultural production systems
Industry: Agriculture",Agricultural Science Hydroponics Technology Management Environmental Control Problem Solving,__DATASET__::Agriculture,Unknown,High paying,True
295,Ocean Thermal Energy Specialist,"Harness temperature differences in oceans for power
Industry: Renewable Energy",Marine Engineering Renewable Energy Thermodynamics Problem Solving Innovation,__DATASET__::Renewable Energy,Unknown,High paying,True
296,Autonomous Vehicle Tester,"Test and validate self driving car systems
Industry: Automotive",Automotive Technology Safety Protocols Problem Solving Attention to Detail Data Analysis,__DATASET__::Automotive,Unknown,High paying,True
297,Cellular Agriculture Scientist,"Develop lab grown meat and dairy products
Industry: Food Science",Biology Food Science Innovation Problem Solving Research Skills,__DATASET__::Food Science,Unknown,High paying,True
298,Digital Twin Engineer,"Create virtual replicas of physical systems
Industry: Technology",Engineering Programming Data Analysis Systems Modeling Innovation,__DATASET__::Technology,Unknown,High paying,True
299,Space Elevator Engineer,"Design transportation systems between Earth and space
Industry: Aerospace",Aerospace Engineering Materials Science Physics Innovation Problem Solving,__DATASET__::Aerospace,Unknown,High paying,True
300,Quantum Cryptography Specialist,"Develop ultra secure communication systems using quantum mechanics
Industry: Technology",Quantum Physics Cryptography Programming Security Protocols Innovation,__DATASET__::Technology,Unknown,High paying,True
301,Atmospheric River Forecaster,"Predict extreme weather patterns and flooding
Industry: Weather Services",Meteorology Data Analysis Mathematical Modeling Research Skills Communication,__DATASET__::Weather Services,Unknown,High paying,True
302,Biocement Engineer,"Develop self healing concrete and construction materials
Industry: Construction",Materials Science Biology Engineering Innovation Problem Solving,__DATASET__::Construction,Unknown,High paying,True
303,Neural Dust Researcher,"Create wireless brain monitoring systems
Industry: Science & Research",Neuroscience Electronics Miniaturization Innovation Problem Solving,__DATASET__::Science & Research,Unknown,High paying,True
304,Swarm Robotics Coordinator,"Manage groups of autonomous robots working together
Industry: Technology",Robotics Programming Systems Coordination Problem Solving Innovation,__DATASET__::Technology,Unknown,High paying,True
305,Atmospheric Carbon Capture Specialist,"Design systems to remove CO2 from the atmosphere
Industry: Environmental Services",Environmental Engineering Chemistry Innovation Problem Solving Climate Science,__DATASET__::Environmental Services,Unknown,High paying,True
306,Quantum Sensor Developer,"Create ultra precise measurement instruments
Industry: Technology",Quantum Physics Engineering Innovation Problem Solving Technical Skills,__DATASET__::Technology,Unknown,High paying,True
307,Synthetic Spider Silk Producer,"Manufacture artificial spider silk for various applications
Industry: Biotechnology",Biology Materials Science Manufacturing Innovation Problem Solving,__DATASET__::Biotechnology,Unknown,High paying,True
308,Asteroid Mining Planner,"Design systems for extracting resources from asteroids
Industry: Aerospace",Aerospace Engineering Mining Engineering Space Science Innovation Strategic Planning,__DATASET__::Aerospace,Unknown,High paying,True
309,Metamaterial Engineer,"Design materials with properties not found in nature
Industry: Engineering",Materials Science Physics Engineering Innovation Problem Solving,__DATASET__::Engineering,Unknown,High paying,True
310,Biocomputer Programmer,"Develop computing systems using biological components
Industry: Biotechnology",Biology Programming Innovation Problem Solving Technical Skills,__DATASET__::Biotechnology,Unknown,High paying,True
311,Magnetic Levitation Engineer,"Design transportation systems using magnetic forces
Industry: Transportation",Electrical Engineering Physics Transportation Innovation Problem Solving,__DATASET__::Transportation,Unknown,High paying,True
312,Genetically Modified Organism Regulator,"Oversee safety of modified organisms
Industry: Government",Biology Regulatory Knowledge Risk Assessment Communication Ethical Reasoning,__DATASET__::Government,Unknown,High paying,True
313,Fusion Energy Researcher,"Develop clean energy through nuclear fusion
Industry: Energy Research",Nuclear Physics Engineering Research Skills Innovation Problem Solving,__DATASET__::Energy Research,Unknown,High paying,True
314,Bioluminescent Lighting Designer,"Create sustainable lighting using living organisms
Industry: Biotechnology",Biology Lighting Design Innovation Environmental Science Problem Solving,__DATASET__::Biotechnology,Unknown,High paying,True
315,Hypersonic Flight Engineer,"Design aircraft capable of extreme speeds
Industry: Aerospace",Aerospace Engineering Aerodynamics Innovation Problem Solving Technical Skills,__DATASET__::Aerospace,Unknown,High paying,True
316,Microbiome Analyst,"Study beneficial bacteria in humans and environment
Industry: Science & Research",Microbiology Research Skills Data Analysis Laboratory Techniques Innovation,__DATASET__::Science & Research,Unknown,High paying,True
317,Gravity Wave Detector Operator,"Monitor cosmic gravitational disturbances
Industry: Science & Research",Physics Data Analysis Technical Skills Attention to Detail Research Skills,__DATASET__::Science & Research,Unknown,High paying,True
318,Programmable Matter Engineer,"Design materials that can change shape and properties
Industry: Engineering",Materials Science Programming Physics Innovation Problem Solving,__DATASET__::Engineering,Unknown,High paying,True
319,Exoplanet Hunter,"Search for planets outside our solar system
Industry: Space Science",Astronomy Data Analysis Research Skills Mathematical Modeling Attention to Detail,__DATASET__::Space Science,Unknown,High paying,True
320,Biorefinery Process Engineer,"Convert biological waste into useful products
Industry: Biotechnology",Chemical Engineering Biology Environmental Science Innovation Problem Solving,__DATASET__::Biotechnology,Unknown,High paying,True
321,Telepathic Interface Developer,"Create brain to brain communication systems
Industry: Science & Research",Neuroscience Programming Innovation Problem Solving Technical Skills,__DATASET__::Science & Research,Unknown,High paying,True
322,Molecular Assembler Technician,"Build products atom by atom using nanotechnology
Industry: Manufacturing",Nanotechnology Precision Manufacturing Technical Skills Innovation Problem Solving,__DATASET__::Manufacturing,Unknown,High paying,True
323,Terraforming Specialist,"Design systems to make planets habitable for humans
Industry: Aerospace",Planetary Science Environmental Engineering Innovation Strategic Planning Problem Solving,__DATASET__::Aerospace,Unknown,High paying,True
324,Time Crystal Researcher,"Study materials with repeating patterns in time
Industry: Science & Research",Quantum Physics Research Skills Mathematical Modeling Innovation Problem Solving,__DATASET__::Science & Research,Unknown,High paying,True
325,Bioharmonic Therapist,"Use biological frequencies to treat medical conditions
Industry: Healthcare",Biology Medical Knowledge Therapeutic Techniques Innovation Problem Solving,__DATASET__::Healthcare,Unknown,High paying,True
326,Music Therapist,"Use music interventions to address physical emotional and social needs
Industry: Healthcare",Empathy Musical Skills Therapeutic Techniques Active Listening Patient Care,__DATASET__::Healthcare,Unknown,Average paying,True
327,Digital Archivist,"Preserve and organize digital cultural heritage materials
Industry: Cultural Heritage",Information Science Digital Preservation Metadata Standards Organization Technical Skills,__DATASET__::Cultural Heritage,Unknown,Average paying,True
328,Ethical AI Auditor,"Evaluate artificial intelligence systems for bias and fairness
Industry: Technology",Machine Learning Ethics Critical Thinking Problem Solving Communication,__DATASET__::Technology,Unknown,High paying,True
329,Wilderness Guide,"Lead outdoor expeditions and teach survival skills
Industry: Recreation",Outdoor Skills Safety Awareness Leadership Navigation Physical Fitness,__DATASET__::Recreation,Unknown,Average paying,True
330,Marine Salvage Diver,"Recover sunken vessels and underwater equipment
Industry: Maritime",Deep Sea Diving Technical Skills Problem Solving Risk Assessment Physical Fitness,__DATASET__::Maritime,Unknown,High paying,True
331,Flavor Chemist,"Develop artificial and natural flavors for food products
Industry: Food Science",Chemistry Sensory Analysis Innovation Research Skills Quality Control,__DATASET__::Food Science,Unknown,High paying,True
332,Pet Grief Counselor,"Support families through loss of companion animals
Industry: Animal Services",Counseling Skills Empathy Communication Animal Behavior Understanding Grief Support,__DATASET__::Animal Services,Unknown,Average paying,True
333,Virtual Interior Designer,"Create 3D interior spaces for online clients
Industry: Design Services",Interior Design 3D Modeling Software Skills Creativity Communication,__DATASET__::Design Services,Unknown,Average paying,True
334,Bee Removal Specialist,"Safely relocate bee colonies without harm
Industry: Pest Control",Animal Handling Safety Protocols Problem Solving Environmental Awareness Customer Service,__DATASET__::Pest Control,Unknown,Average paying,True
335,Sign Language Interpreter,"Facilitate communication for deaf and hearing individuals
Industry: Professional Services",Sign Language Fluency Cultural Awareness Communication Attention to Detail Empathy,__DATASET__::Professional Services,Unknown,Average paying,True
336,Crime Prevention Specialist,"Analyze crime patterns and develop prevention strategies
Industry: Law Enforcement",Data Analysis Criminal Justice Research Skills Communication Strategic Planning,__DATASET__::Law Enforcement,Unknown,Average paying,True
337,Equine Therapist,"Provide therapeutic services using horses
Industry: Healthcare",Animal Training Therapy Techniques Empathy Physical Coordination Safety Awareness,__DATASET__::Healthcare,Unknown,Average paying,True
338,Digital Detox Coach,"Help individuals reduce technology dependency and digital overwhelm
Industry: Wellness",Counseling Skills Psychology Technology Awareness Communication Goal Setting,__DATASET__::Wellness,Unknown,Average paying,True
339,Fossil Preparator,"Clean and prepare fossils for research and display
Industry: Science & Research",Manual Dexterity Scientific Knowledge Attention to Detail Patience Laboratory Skills,__DATASET__::Science & Research,Unknown,Average paying,True
340,Rope Access Technician,"Perform maintenance on tall structures using climbing techniques
Industry: Maintenance Services",Physical Fitness Safety Protocols Problem Solving Manual Dexterity Risk Assessment,__DATASET__::Maintenance Services,Unknown,Average paying,True
341,Medical Scribe,"Document patient encounters for healthcare providers
Industry: Healthcare",Medical Terminology Typing Skills Attention to Detail Communication Organization,__DATASET__::Healthcare,Unknown,Low paying,True
342,Urban Beekeeper,"Manage bee colonies in city environments
Industry: Agriculture",Beekeeping Skills Urban Planning Environmental Awareness Problem Solving Seasonal Planning,__DATASET__::Agriculture,Unknown,Average paying,True
343,Disaster Victim Advocate,"Support individuals affected by natural disasters
Industry: Social Services",Crisis Counseling Communication Empathy Resource Coordination Problem Solving,__DATASET__::Social Services,Unknown,Average paying,True
344,Genealogy Researcher,"Trace family histories and ancestral connections
Industry: Professional Services",Research Skills Historical Knowledge Database Management Communication Attention to Detail,__DATASET__::Professional Services,Unknown,Average paying,True
345,Commercial Fisherman,"Harvest fish and seafood for commercial markets
Industry: Fishing",Maritime Skills Physical Stamina Safety Awareness Weather Assessment Equipment Operation,__DATASET__::Fishing,Unknown,Average paying,True
346,Sleep Disorder Specialist,"Diagnose and treat sleep related medical conditions
Industry: Healthcare",Medical Knowledge Patient Assessment Diagnostic Skills Communication Problem Solving,__DATASET__::Healthcare,Unknown,High paying,True
347,Digital Rights Advocate,"Protect online privacy and digital freedoms
Industry: Legal Services",Legal Knowledge Technology Understanding Advocacy Skills Communication Research Skills,__DATASET__::Legal Services,Unknown,Average paying,True
348,Aerial Photography Pilot,"Capture images and video from aircraft or drones
Industry: Photography",Aviation Skills Photography Technical Equipment Visual Composition Safety Protocols,__DATASET__::Photography,Unknown,Average paying,True
349,Kombucha Brewer,"Ferment and produce probiotic beverages
Industry: Food Production",Fermentation Science Quality Control Food Safety Creativity Problem Solving,__DATASET__::Food Production,Unknown,Average paying,True
350,Memory Care Specialist,"Provide specialized care for dementia and Alzheimer patients
Industry: Healthcare",Patient Care Compassion Communication Problem Solving Medical Knowledge,__DATASET__::Healthcare,Unknown,Average paying,True
351,Cave Rescue Technician,"Perform emergency rescues in underground environments
Industry: Emergency Services",Technical Rescue Skills Physical Fitness Problem Solving Safety Protocols Risk Assessment,__DATASET__::Emergency Services,Unknown,Average paying,True
352,Digital Accessibility Consultant,"Ensure websites and apps are usable by people with disabilities
Industry: Technology",Web Development Accessibility Standards Problem Solving Communication Technical Skills,__DATASET__::Technology,Unknown,Average paying,True
353,Butterfly Conservationist,"Protect and restore butterfly habitats and populations
Industry: Environmental Services",Entomology Environmental Science Research Skills Conservation Biology Fieldwork,__DATASET__::Environmental Services,Unknown,Average paying,True
354,Voice Recognition Trainer,"Improve speech recognition software accuracy
Industry: Technology",Linguistics Computer Science Audio Processing Communication Technical Skills,__DATASET__::Technology,Unknown,Average paying,True
355,Competitive Eating Coach,"Train professional competitive eaters
Industry: Sports",Nutrition Knowledge Coaching Skills Psychology Performance Analysis Safety Awareness,__DATASET__::Sports,Unknown,Low paying,True
356,Digital Nomad Consultant,"Help remote workers optimize location independent careers
Industry: Consulting",Business Consulting Technology Skills Communication Cultural Awareness Travel Planning,__DATASET__::Consulting,Unknown,Average paying,True
357,Soap Maker,"Create artisanal soaps and personal care products
Industry: Manufacturing",Chemistry Creativity Quality Control Safety Protocols Customer Service,__DATASET__::Manufacturing,Unknown,Low paying,True
358,Storm Chaser,"Document severe weather phenomena for research and media
Industry: Weather Services",Meteorology Photography Safety Protocols Problem Solving Risk Assessment,__DATASET__::Weather Services,Unknown,Average paying,True
359,Candle Maker,"Design and manufacture decorative and functional candles
Industry: Manufacturing",Craftsmanship Creativity Safety Protocols Quality Control Customer Service,__DATASET__::Manufacturing,Unknown,Low paying,True
360,Meditation Teacher,"Instruct individuals and groups in mindfulness practices
Industry: Wellness",Mindfulness Training Communication Empathy Teaching Skills Stress Management,__DATASET__::Wellness,Unknown,Low paying,True
361,Digital Nomad Tax Advisor,"Provide tax services for location independent workers
Industry: Financial Services",Tax Law International Regulations Communication Problem Solving Attention to Detail,__DATASET__::Financial Services,Unknown,Average paying,True
362,Terrarium Designer,"Create miniature ecosystems in glass containers
Industry: Design Services",Botany Creativity Attention to Detail Customer Service Environmental Knowledge,__DATASET__::Design Services,Unknown,Low paying,True
363,Sleep Study Technician,"Monitor patients during overnight sleep assessments
Industry: Healthcare",Medical Technology Patient Care Attention to Detail Technical Equipment Problem Solving,__DATASET__::Healthcare,Unknown,Average paying,True
364,Urban Forager,"Identify and harvest edible plants in city environments
Industry: Environmental Services",Botany Foraging Skills Safety Awareness Environmental Knowledge Teaching Skills,__DATASET__::Environmental Services,Unknown,Low paying,True
365,Cord Blood Bank Coordinator,"Manage collection and storage of umbilical cord blood
Industry: Healthcare",Medical Knowledge Organization Communication Attention to Detail Quality Control,__DATASET__::Healthcare,Unknown,Average paying,True
366,Sensory Deprivation Tank Operator,"Maintain flotation therapy equipment and facilities
Industry: Wellness",Customer Service Equipment Maintenance Safety Protocols Problem Solving Relaxation Techniques,__DATASET__::Wellness,Unknown,Low paying,True
367,Digital Estate Planner,"Help families manage digital assets after death
Industry: Legal Services",Estate Planning Technology Skills Communication Problem Solving Legal Knowledge,__DATASET__::Legal Services,Unknown,Average paying,True
368,Mushroom Forager,"Identify and harvest wild mushrooms for culinary use
Industry: Food Services",Mycology Safety Protocols Foraging Skills Environmental Knowledge Risk Assessment,__DATASET__::Food Services,Unknown,Average paying,True
369,Color Consultant,"Advise on color schemes for interior and exterior spaces
Industry: Design Services",Color Theory Creativity Communication Visual Skills Customer Service,__DATASET__::Design Services,Unknown,Average paying,True
370,Escape Room Designer,"Create puzzle based entertainment experiences
Industry: Entertainment",Creative Problem Solving Game Design Engineering Customer Experience Innovation,__DATASET__::Entertainment,Unknown,Average paying,True
371,Digital Minimalism Coach,"Help people simplify their digital lives and reduce screen time
Industry: Wellness",Psychology Communication Goal Setting Technology Awareness Lifestyle Coaching,__DATASET__::Wellness,Unknown,Average paying,True
372,Tiny House Builder,"Construct small scale living spaces and mobile homes
Industry: Construction",Construction Skills Spatial Design Problem Solving Creativity Customer Service,__DATASET__::Construction,Unknown,Average paying,True
373,Aquarium Maintenance Specialist,"Care for fish tanks and aquatic ecosystems
Industry: Pet Services",Aquatic Biology Water Chemistry Equipment Maintenance Customer Service Problem Solving,__DATASET__::Pet Services,Unknown,Low paying,True
374,Professional Organizer,"Help individuals and businesses organize their spaces
Industry: Professional Services",Organization Skills Problem Solving Communication Customer Service Time Management,__DATASET__::Professional Services,Unknown,Average paying,True
375,Digital Marketing Automation Specialist,"Create automated marketing campaigns and workflows
Industry: Marketing",Marketing Technology Programming Analytics Creative Thinking,__DATASET__::Marketing,Unknown,High paying,True
376,Permaculture Designer,"Design sustainable agricultural and living systems
Industry: Environmental Services",Ecological Design Environmental Science Agriculture Problem Solving Systems Thinking,__DATASET__::Environmental Services,Unknown,Average paying,True
377,Home Energy Auditor,"Assess residential energy efficiency and recommend improvements
Industry: Energy Services",Energy Systems Knowledge Problem Solving Communication Attention to Detail Technical Skills,__DATASET__::Energy Services,Unknown,Average paying,True
378,Pet Portrait Artist,"Create artistic representations of companion animals
Industry: Arts & Crafts",Artistic Skills Animal Behavior Customer Service Creativity Communication,__DATASET__::Arts & Crafts,Unknown,Low paying,True
379,Digital Privacy Consultant,"Advise individuals and organizations on online privacy protection
Industry: Technology",Cybersecurity Legal Knowledge Communication Problem Solving Technology Skills,__DATASET__::Technology,Unknown,Average paying,True
380,Bereavement Photographer,"Document final moments and memorial services for families
Industry: Photography",Photography Empathy Discretion Communication Artistic Skills,__DATASET__::Photography,Unknown,Average paying,True
381,Fermentation Specialist,"Develop fermented foods and beverages for commercial production
Industry: Food Production",Food Science Microbiology Quality Control Innovation Problem Solving,__DATASET__::Food Production,Unknown,Average paying,True
382,Digital Asset Recovery Specialist,"Help retrieve lost cryptocurrency and digital files
Industry: Technology",Cybersecurity Problem Solving Attention to Detail Communication Technical Skills,__DATASET__::Technology,Unknown,High paying,True
383,Mushroom Cultivation Specialist,"Grow exotic and medicinal mushrooms for commercial use
Industry: Agriculture",Mycology Agriculture Environmental Control Quality Control Problem Solving,__DATASET__::Agriculture,Unknown,Average paying,True
384,Virtual Reality Therapist,"Use VR technology to treat phobias and mental health conditions
Industry: Healthcare",Psychology Technology Skills Therapeutic Techniques Empathy Innovation,__DATASET__::Healthcare,Unknown,High paying,True
385,Disaster Recovery Pet Rescuer,"Save and care for animals during natural disasters
Industry: Emergency Services",Animal Handling Emergency Response Physical Fitness Problem Solving Empathy,__DATASET__::Emergency Services,Unknown,Low paying,True
386,Digital Content Moderator,"Review and filter online content for appropriateness
Industry: Technology",Attention to Detail Critical Thinking Communication Problem Solving Cultural Awareness,__DATASET__::Technology,Unknown,Low paying,True
387,Rare Book Restorer,"Preserve and repair historical manuscripts and texts
Industry: Cultural Heritage",Manual Dexterity Historical Knowledge Attention to Detail Patience Craftsmanship,__DATASET__::Cultural Heritage,Unknown,Average paying,True
388,Urban Sketching Instructor,"Teach drawing techniques for capturing city scenes
Industry: Arts & Culture",Artistic Skills Teaching Communication Creativity Observational Skills,__DATASET__::Arts & Culture,Unknown,Low paying,True
389,Digital Wellness Coach,"Help individuals develop healthy relationships with technology
Industry: Wellness",Psychology Communication Goal Setting Technology Awareness Lifestyle Coaching,__DATASET__::Wellness,Unknown,Average paying,True
390,Vintage Clothing Curator,"Authenticate and preserve historical garments and fashion
Industry: Fashion",Fashion History Research Skills Attention to Detail Communication Textile Knowledge,__DATASET__::Fashion,Unknown,Average paying,True
391,Sound Bath Practitioner,"Provide therapeutic sound healing sessions
Industry: Wellness",Musical Skills Healing Techniques Communication Empathy Mindfulness,__DATASET__::Wellness,Unknown,Low paying,True
392,Edible Landscape Designer,"Create gardens that produce food while maintaining aesthetic appeal
Industry: Landscaping",Horticulture Landscape Design Sustainability Creativity Problem Solving,__DATASET__::Landscaping,Unknown,Average paying,True
393,Digital Sabbath Consultant,"Help individuals and organizations implement technology breaks
Industry: Wellness",Psychology Communication Time Management Wellness Coaching Technology Awareness,__DATASET__::Wellness,Unknown,Average paying,True
394,Mushroom Identification Guide,"Lead foraging expeditions and teach mushroom safety
Industry: Education",Mycology Teaching Skills Safety Protocols Communication Environmental Knowledge,__DATASET__::Education,Unknown,Low paying,True
395,Virtual Event Producer,"Organize and manage online conferences and gatherings
Industry: Event Planning",Event Planning Technology Skills Communication Problem Solving Project Management,__DATASET__::Event Planning,Unknown,Average paying,True
396,Pollinator Garden Designer,"Create spaces that support bees butterflies and other pollinators
Industry: Environmental Services",Ecology Horticulture Environmental Science Creativity Problem Solving,__DATASET__::Environmental Services,Unknown,Average paying,True
397,Digital Legacy Planner,"Help people prepare their online presence for after death
Industry: Professional Services",Technology Planning Communication Legal Knowledge Problem Solving,__DATASET__::Professional Services,Unknown,Average paying,True
398,Rain Water Harvesting Specialist,"Design systems to collect and utilize rainwater
Industry: Environmental Services",Environmental Engineering Water Management Problem Solving Sustainability Planning,__DATASET__::Environmental Services,Unknown,Average paying,True
399,Mindful Eating Coach,"Teach individuals to develop healthy relationships with food
Industry: Wellness",Nutrition Psychology Communication Empathy Goal Setting,__DATASET__::Wellness,Unknown,Average paying,True
400,Digital Detox Retreat Leader,"Organize and lead technology free wellness experiences
Industry: Wellness",Event Planning Communication Leadership Wellness Coaching Outdoor Skills,__DATASET__::Wellness,Unknown,Average paying,True
401,Heritage Breed Livestock Conservationist,"Preserve rare and endangered farm animal breeds
Industry: Agriculture",Animal Husbandry Conservation Biology Genetics Agriculture Problem Solving,__DATASET__::Agriculture,Unknown,Average paying,True
402,Online Community Manager,"Build and moderate digital communities for brands and organizations
Industry: Marketing",Communication Social Media Marketing Community Building Problem Solving,__DATASET__::Marketing,Unknown,Average paying,True
403,Greywater System Designer,"Create systems to reuse household wastewater
Industry: Environmental Services",Plumbing Engineering Environmental Science Problem Solving Sustainability Planning,__DATASET__::Environmental Services,Unknown,Average paying,True
404,Digital Nomad Insurance Advisor,"Provide coverage solutions for location independent workers
Industry: Insurance",Insurance Knowledge Travel Regulations Communication Problem Solving Risk Assessment,__DATASET__::Insurance,Unknown,Average paying,True
405,Seed Bank Curator,"Preserve plant genetic diversity through seed collection and storage
Industry: Environmental Services",Botany Conservation Biology Organization Research Skills Problem Solving,__DATASET__::Environmental Services,Unknown,Average paying,True
406,Virtual Assistant Trainer,"Teach skills for remote administrative support work
Industry: Professional Services",Business Skills Communication Teaching Technology Skills Organization,__DATASET__::Professional Services,Unknown,Average paying,True
407,Sustainable Fashion Consultant,"Advise on environmentally conscious clothing choices
Industry: Fashion",Fashion Knowledge Environmental Awareness Communication Sustainability Problem Solving,__DATASET__::Fashion,Unknown,Average paying,True
408,Digital Archaeology Researcher,"Use technology to study ancient civilizations and artifacts
Industry: Cultural Heritage",Archaeology Technology Skills Research Methods Data Analysis Problem Solving,__DATASET__::Cultural Heritage,Unknown,High paying,True
409,Microgreen Farmer,"Grow nutrient dense young vegetables for restaurants and markets
Industry: Agriculture",Agriculture Hydroponics Quality Control Customer Service Problem Solving,__DATASET__::Agriculture,Unknown,Low paying,True
410,Online Learning Designer,"Create educational courses and training programs for digital platforms
Industry: Education",Instructional Design Communication Technology Skills Creativity Problem Solving,__DATASET__::Education,Unknown,Average paying,True
411,Wetland Restoration Specialist,"Rehabilitate damaged aquatic ecosystems and habitats
Industry: Environmental Services",Environmental Science Ecology Project Management Problem Solving Research Skills,__DATASET__::Environmental Services,Unknown,Average paying,True
412,Digital Product Designer,"Create user centered digital products and applications
Industry: Technology",User Experience Design Problem Solving Creativity Technology Skills Communication,__DATASET__::Technology,Unknown,High paying,True
413,Heirloom Tomato Grower,"Cultivate rare and heritage varieties of tomatoes
Industry: Agriculture",Agriculture Horticulture Quality Control Customer Service Problem Solving,__DATASET__::Agriculture,Unknown,Low paying,True
414,Remote Team Building Facilitator,"Organize activities to strengthen distributed teams
Industry: Human Resources",Communication Leadership Psychology Team Dynamics Problem Solving,__DATASET__::Human Resources,Unknown,Average paying,True
415,Green Roof Designer,"Create living roof systems for buildings
Industry: Architecture",Landscape Architecture Environmental Science Engineering Creativity Problem Solving,__DATASET__::Architecture,Unknown,Average paying,True
416,Digital Anthropologist,"Study how technology affects human behavior and culture
Industry: Social Sciences",Anthropology Research Skills Data Analysis Communication Critical Thinking,__DATASET__::Social Sciences,Unknown,High paying,True
417,Specialty Coffee Roaster,"Process coffee beans to create unique flavor profiles
Industry: Food Production",Food Science Sensory Analysis Quality Control Creativity Customer Service,__DATASET__::Food Production,Unknown,Average paying,True
418,Virtual Reality Fitness Instructor,"Lead exercise classes in immersive digital environments
Industry: Fitness & Recreation",Fitness Training Technology Skills Communication Motivation Innovation,__DATASET__::Fitness & Recreation,Unknown,Average paying,True
419,Soil Health Specialist,"Assess and improve agricultural soil quality
Industry: Agriculture",Soil Science Agriculture Environmental Science Problem Solving Research Skills,__DATASET__::Agriculture,Unknown,Average paying,True
420,Digital Rights Lawyer,"Practice law focused on technology and online issues
Industry: Legal Services",Legal Knowledge Technology Understanding Communication Problem Solving Research Skills,__DATASET__::Legal Services,Unknown,High paying,True
421,Artisanal Ice Cream Maker,"Create unique frozen desserts using traditional methods
Industry: Food Production",Culinary Arts Creativity Food Safety Quality Control Customer Service,__DATASET__::Food Production,Unknown,Low paying,True
422,Online Course Instructor,"Teach specialized subjects through digital platforms
Industry: Education",Subject Matter Expertise Teaching Skills Communication Technology Skills Adaptability,__DATASET__::Education,Unknown,Average paying,True
423,Renewable Energy Sales Consultant,"Sell solar panels and clean energy systems to consumers
Industry: Sales",Sales Skills Renewable Energy Knowledge Communication Problem Solving Customer Service,__DATASET__::Sales,Unknown,Average paying,True
424,Digital Marketing Analytics Specialist,"Analyze online marketing data to optimize campaigns
Industry: Marketing",Data Analysis Marketing Knowledge Problem Solving Communication Technical Skills,__DATASET__::Marketing,Unknown,High paying,True
425,Heritage Seed Keeper,"Preserve heirloom plant varieties for future generations
Industry: Environmental Services",Botany Conservation Genetics Agriculture Research Skills,__DATASET__::Environmental Services,Unknown,Average paying,True
426,Virtual Reality Game Designer,"Create immersive gaming experiences and worlds
Industry: Gaming",Game Design Programming Creativity Problem Solving User Experience,__DATASET__::Gaming,Unknown,High paying,True
427,Sustainable Building Inspector,"Evaluate construction projects for environmental compliance
Industry: Construction",Building Codes Environmental Standards Attention to Detail Communication Problem Solving,__DATASET__::Construction,Unknown,Average paying,True
428,Digital Wellness Researcher,"Study the effects of technology on human health and behavior
Industry: Science & Research",Research Methods Psychology Data Analysis Communication Critical Thinking,__DATASET__::Science & Research,Unknown,High paying,True
429,Artisanal Chocolate Maker,"Craft small batch chocolates using traditional techniques
Industry: Food Production",Culinary Arts Creativity Quality Control Food Safety Customer Service,__DATASET__::Food Production,Unknown,Average paying,True
430,Online Community Moderator,"Maintain safe and productive digital discussion spaces
Industry: Technology",Communication Problem Solving Critical Thinking Conflict Resolution Attention to Detail,__DATASET__::Technology,Unknown,Low paying,True
431,Permeable Pavement Installer,"Install eco friendly surfaces that allow water drainage
Industry: Construction",Construction Skills Environmental Science Problem Solving Safety Protocols Technical Skills,__DATASET__::Construction,Unknown,Average paying,True
432,Digital Asset Appraiser,"Evaluate the value of cryptocurrency and digital collectibles
Industry: Finance",Financial Analysis Technology Knowledge Research Skills Communication Problem Solving,__DATASET__::Finance,Unknown,High paying,True
433,Specialty Tea Blender,"Create unique tea combinations and flavor profiles
Industry: Food Production",Culinary Arts Sensory Analysis Creativity Quality Control Customer Service,__DATASET__::Food Production,Unknown,Average paying,True
434,Virtual Reality Training Developer,"Create immersive educational and skills training programs
Industry: Education",Instructional Design Programming 3D Modeling Communication Innovation,__DATASET__::Education,Unknown,High paying,True
435,Carbon Credit Analyst,"Evaluate and trade environmental impact offsets
Industry: Environmental Services",Environmental Science Financial Analysis Research Skills Communication Problem Solving,__DATASET__::Environmental Services,Unknown,High paying,True
436,Digital Nomad Visa Consultant,"Advise on immigration requirements for remote workers
Industry: Legal Services",Immigration Law Research Skills Communication Problem Solving Cultural Awareness,__DATASET__::Legal Services,Unknown,Average paying,True
437,Aquaponics Farmer,"Grow plants and fish together in sustainable systems
Industry: Agriculture",Agriculture Aquaculture Systems Thinking Problem Solving Environmental Science,__DATASET__::Agriculture,Unknown,Average paying,True
438,Online Reputation Manager,"Monitor and improve digital presence for individuals and businesses
Industry: Marketing",Digital Marketing Communication Problem Solving Research Skills Strategic Thinking,__DATASET__::Marketing,Unknown,Average paying,True
439,Green Chemistry Researcher,"Develop environmentally friendly chemical processes
Industry: Science & Research",Chemistry Environmental Science Research Skills Innovation Problem Solving,__DATASET__::Science & Research,Unknown,High paying,True
440,Digital Estate Executor,"Manage digital assets and accounts after someone passes away
Industry: Legal Services",Legal Knowledge Technology Skills Communication Problem Solving Organization,__DATASET__::Legal Services,Unknown,Average paying,True
441,Botanical Illustrator,"Create scientific drawings of plants and flowers
Industry: Arts & Sciences",Artistic Skills Botany Attention to Detail Communication Scientific Knowledge,__DATASET__::Arts & Sciences,Unknown,Average paying,True
442,Virtual Reality Social Worker,"Provide counseling and support through immersive technology
Industry: Social Services",Social Work Technology Skills Empathy Communication Innovation,__DATASET__::Social Services,Unknown,High paying,True
443,Indigenous Plant Specialist,"Cultivate and preserve native plant species
Industry: Environmental Services",Botany Conservation Biology Cultural Awareness Research Skills Problem Solving,__DATASET__::Environmental Services,Unknown,Average paying,True
444,Digital Literacy Instructor,"Teach technology skills to underserved populations
Industry: Education",Teaching Skills Technology Knowledge Communication Patience Cultural Sensitivity,__DATASET__::Education,Unknown,Low paying,True
445,Sustainable Fashion Designer,"Create clothing with minimal environmental impact
Industry: Fashion",Fashion Design Environmental Awareness Creativity Innovation Problem Solving,__DATASET__::Fashion,Unknown,Average paying,True
446,Virtual Assistant Services Manager,"Coordinate remote administrative support teams
Industry: Business Services",Management Communication Organization Problem Solving Technology Skills,__DATASET__::Business Services,Unknown,Average paying,True
447,Rainforest Conservation Guide,"Lead educational tours while protecting tropical ecosystems
Industry: Environmental Services",Environmental Science Teaching Skills Communication Physical Fitness Conservation Biology,__DATASET__::Environmental Services,Unknown,Average paying,True
448,Digital Payment Security Analyst,"Protect online financial transactions from fraud
Industry: Finance",Cybersecurity Financial Systems Problem Solving Attention to Detail Communication,__DATASET__::Finance,Unknown,High paying,True
449,Artisanal Bread Baker,"Create traditional breads using time honored techniques
Industry: Food Production",Culinary Arts Attention to Detail Quality Control Creativity Customer Service,__DATASET__::Food Production,Unknown,Average paying,True
450,Online Learning Support Specialist,"Help students navigate digital educational platforms
Industry: Education",Education Technology Communication Problem Solving Customer Service,__DATASET__::Education,Unknown,Low paying,True
451,Green Building Consultant,"Advise on sustainable construction practices and materials
Industry: Construction",Architecture Environmental Science Building Codes Communication Problem Solving,__DATASET__::Construction,Unknown,High paying,True
452,Digital Privacy Educator,"Teach individuals and organizations about online security
Industry: Education",Cybersecurity Teaching Skills Communication Technology Knowledge Problem Solving,__DATASET__::Education,Unknown,Average paying,True
453,Heritage Fruit Tree Cultivator,"Grow and preserve rare and antique fruit varieties
Industry: Agriculture",Horticulture Conservation Biology Agriculture Research Skills Problem Solving,__DATASET__::Agriculture,Unknown,Average paying,True
454,Virtual Reality Meditation Guide,"Lead mindfulness sessions in immersive digital environments
Industry: Wellness",Meditation Teaching Technology Skills Communication Mindfulness Training,__DATASET__::Wellness,Unknown,Average paying,True
455,Waste Stream Analyst,"Study material flows to reduce environmental impact
Industry: Environmental Services",Environmental Science Data Analysis Research Skills Problem Solving Communication,__DATASET__::Environmental Services,Unknown,Average paying,True
456,Digital Content Creator,"Produce engaging multimedia content for online audiences
Industry: Media & Publishing",Creativity Communication Technology Skills Marketing Problem Solving,__DATASET__::Media & Publishing,Unknown,Average paying,True
457,Regenerative Agriculture Specialist,"Implement farming practices that restore soil health
Industry: Agriculture",Agriculture Environmental Science Research Skills Problem Solving Systems Thinking,__DATASET__::Agriculture,Unknown,Average paying,True
458,Online Business Coach,"Help entrepreneurs build successful digital enterprises
Industry: Business Services",Business Consulting Communication Coaching Skills Problem Solving Strategic Thinking,__DATASET__::Business Services,Unknown,Average paying,True
459,Biochar Production Specialist,"Create carbon sequestering soil amendments from organic waste
Industry: Environmental Services",Environmental Science Chemistry Agriculture Innovation Problem Solving,__DATASET__::Environmental Services,Unknown,Average paying,True
460,Digital Marketing Strategist,"Develop comprehensive online marketing campaigns
Industry: Marketing",Marketing Strategy Communication Analytical Thinking Creativity Problem Solving,__DATASET__::Marketing,Unknown,High paying,True
461,Traditional Craft Instructor,"Teach historical handicraft techniques and skills
Industry: Arts & Culture",Craftsmanship Teaching Skills Communication Cultural Knowledge Patience,__DATASET__::Arts & Culture,Unknown,Low paying,True
462,Virtual Events Technical Director,"Manage technology for online conferences and gatherings
Industry: Technology",Technology Skills Problem Solving Communication Project Management Innovation,__DATASET__::Technology,Unknown,Average paying,True
463,Pollinator Habitat Restorer,"Create and maintain spaces for bees butterflies and beneficial insects
Industry: Environmental Services",Ecology Conservation Biology Environmental Science Problem Solving Research Skills,__DATASET__::Environmental Services,Unknown,Average paying,True
464,Digital Transformation Consultant,"Help organizations adapt to new technologies and processes
Industry: Consulting",Business Consulting Technology Strategy Communication Problem Solving Change Management,__DATASET__::Consulting,Unknown,High paying,True
465,Artisanal Fermented Foods Producer,"Create traditional cultured foods like kimchi and sauerkraut
Industry: Food Production",Food Science Fermentation Cultural Knowledge Quality Control Customer Service,__DATASET__::Food Production,Unknown,Average paying,True
466,Online Community Builder,"Create and grow digital spaces for shared interests and goals
Industry: Technology",Community Management Communication Social Media Problem Solving Relationship Building,__DATASET__::Technology,Unknown,Average paying,True
467,Ecological Restoration Coordinator,"Plan and oversee habitat rehabilitation projects
Industry: Environmental Services",Environmental Science Project Management Research Skills Communication Problem Solving,__DATASET__::Environmental Services,Unknown,High paying,True
468,Digital Product Manager,"Oversee development and launch of software products and applications
Industry: Technology",Product Management Technology Strategy Communication Problem Solving Leadership,__DATASET__::Technology,Unknown,High paying,True
469,Sustainable Tourism Guide,"Lead eco friendly travel experiences while preserving destinations
Industry: Tourism",Tourism Environmental Awareness Communication Cultural Knowledge Problem Solving,__DATASET__::Tourism,Unknown,Average paying,True
470,Virtual Reality Healthcare Developer,"Create medical training and patient treatment applications
Industry: Healthcare",Healthcare Technology Programming Innovation Problem Solving,__DATASET__::Healthcare,Unknown,High paying,True
471,Indigenous Food Sovereignty Advocate,"Promote traditional food systems and cultural preservation
Industry: Social Services",Cultural Awareness Advocacy Skills Communication Research Skills Problem Solving,__DATASET__::Social Services,Unknown,Average paying,True
472,Digital Analytics Consultant,"Help organizations understand and optimize their online performance
Industry: Consulting",Data Analysis Marketing Technology Communication Problem Solving,__DATASET__::Consulting,Unknown,High paying,True
473,Artisanal Soap and Cosmetics Maker,"Create natural personal care products using traditional methods
Industry: Manufacturing",Chemistry Creativity Quality Control Safety Protocols Customer Service,__DATASET__::Manufacturing,Unknown,Low paying,True
474,Online Education Quality Assurance Specialist,"Ensure digital learning programs meet educational standards
Industry: Education",Education Quality Control Communication Problem Solving Attention to Detail,__DATASET__::Education,Unknown,Average paying,True
475,Climate Adaptation Planner,"Help communities prepare for environmental changes
Industry: Environmental Services",Environmental Science Urban Planning Communication Problem Solving Research Skills,__DATASET__::Environmental Services,Unknown,High paying,True
476,Digital Accessibility Developer,"Create inclusive technology solutions for people with disabilities
Industry: Technology",Web Development Accessibility Standards Problem Solving Communication Innovation,__DATASET__::Technology,Unknown,High paying,True
477,Heritage Livestock Guardian,"Protect and preserve rare farm animal breeds
Industry: Agriculture",Animal Husbandry Conservation Biology Genetics Problem Solving Research Skills,__DATASET__::Agriculture,Unknown,Average paying,True
478,Virtual Reality Architecture Visualizer,"Create immersive previews of building designs
Industry: Architecture",Architecture 3D Modeling Technology Skills Creativity Communication,__DATASET__::Architecture,Unknown,Average paying,True
479,Ecosystem Services Valuer,"Quantify the economic benefits of natural environments
Industry: Environmental Services",Environmental Economics Research Skills Data Analysis Communication Problem Solving,__DATASET__::Environmental Services,Unknown,High paying,True
480,Digital Brand Strategist,"Develop online identity and positioning for organizations
Industry: Marketing",Branding Marketing Strategy Communication Creativity Problem Solving,__DATASET__::Marketing,Unknown,High paying,True
481,Traditional Building Craft Specialist,"Preserve historical construction techniques and skills
Industry: Construction",Construction Cultural Heritage Manual Dexterity Problem Solving Teaching Skills,__DATASET__::Construction,Unknown,Average paying,True
482,Online Learning Community Manager,"Foster engagement and connection in educational platforms
Industry: Education",Community Management Education Communication Problem Solving Technology Skills,__DATASET__::Education,Unknown,Average paying,True
483,Renewable Energy Project Developer,"Plan and implement clean energy installations
Industry: Renewable Energy",Project Management Renewable Energy Finance Communication Problem Solving,__DATASET__::Renewable Energy,Unknown,High paying,True
484,Digital Employee Experience Designer,"Optimize remote work environments and company culture
Industry: Human Resources",Human Resources Technology Skills Communication Problem Solving Psychology,__DATASET__::Human Resources,Unknown,High paying,True
485,Artisanal Pickle and Preserve Maker,"Create traditional preserved foods using time honored methods
Industry: Food Production",Food Science Food Safety Creativity Quality Control Customer Service,__DATASET__::Food Production,Unknown,Low paying,True
486,Virtual Reality Sports Trainer,"Use immersive technology to improve athletic performance
Industry: Sports",Sports Training Technology Skills Communication Motivation Innovation,__DATASET__::Sports,Unknown,Average paying,True
487,Biodiversity Conservation Coordinator,"Protect and restore species and habitat diversity
Industry: Environmental Services",Conservation Biology Environmental Science Research Skills Problem Solving Communication,__DATASET__::Environmental Services,Unknown,High paying,True
488,Digital Marketing Automation Developer,"Create systems that automate online marketing processes
Industry: Marketing",Marketing Technology Programming Problem Solving Innovation,__DATASET__::Marketing,Unknown,High paying,True
489,Traditional Medicine Plant Cultivator,"Grow herbs and plants used in historical healing practices
Industry: Agriculture",Botany Traditional Medicine Agriculture Research Skills Problem Solving,__DATASET__::Agriculture,Unknown,Average paying,True
490,Online Workshop Facilitator,"Lead interactive learning sessions through digital platforms
Industry: Education",Teaching Skills Communication Technology Skills Problem Solving Group Dynamics,__DATASET__::Education,Unknown,Average paying,True
491,Sustainable Water Systems Designer,"Create eco friendly water treatment and distribution systems
Industry: Environmental Services",Environmental Engineering Water Management Problem Solving Innovation Sustainability,__DATASET__::Environmental Services,Unknown,High paying,True
492,Digital Customer Experience Analyst,"Study and improve online user interactions and satisfaction
Industry: Technology",User Experience Research Data Analysis Communication Problem Solving,__DATASET__::Technology,Unknown,High paying,True
493,Heritage Grain Grower and Miller,"Cultivate and process ancient wheat and grain varieties
Industry: Agriculture",Agriculture Food Processing Traditional Skills Quality Control Problem Solving,__DATASET__::Agriculture,Unknown,Average paying,True
494,Virtual Reality Museum Curator,"Create immersive cultural and educational experiences
Industry: Cultural Heritage",Museum Studies Technology Skills Communication Creativity Research Skills,__DATASET__::Cultural Heritage,Unknown,Average paying,True
495,Ecological Economist,"Study the relationship between economic systems and environmental health
Industry: Economics",Economics Environmental Science Research Skills Communication Problem Solving,__DATASET__::Economics,Unknown,High paying,True
496,Digital Wellness Program Coordinator,"Develop and manage technology balance initiatives for organizations
Industry: Wellness",Wellness Coaching Program Management Communication Problem Solving Psychology,__DATASET__::Wellness,Unknown,Average paying,True
497,Artisanal Fiber Artist and Dyer,"Create textiles using traditional techniques and natural materials
Industry: Arts & Crafts",Textile Arts Creativity Manual Dexterity Cultural Knowledge Customer Service,__DATASET__::Arts & Crafts,Unknown,Low paying,True
498,Online Course Technical Producer,"Manage the technical aspects of digital educational content creation
Industry: Education",Education Technology Video Production Problem Solving Communication,__DATASET__::Education,Unknown,Average paying,True
499,Climate Change Communication Specialist,"Translate scientific research into accessible public information
Industry: Environmental Services",Environmental Science Communication Research Skills Problem Solving Public Speaking,__DATASET__::Environmental Services,Unknown,Average paying,True
500,Digital Innovation Consultant,"Help organizations adopt emerging technologies and future focused strategies
Industry: Consulting",Technology Strategy Innovation Management Communication Problem Solving,__DATASET__::Consulting,Unknown,High paying,True
501,Machine Learning Engineer,"Design and implement ML algorithms for production systems
Industry: Technology",Python; TensorFlow; Statistics; Cloud Platforms; Data Engineering,__DATASET__::Technology,Unknown,High paying,True
502,Cybersecurity Architect,"Design comprehensive security frameworks for enterprise systems
Industry: Technology",Security Protocols; Risk Assessment; Network Security; Compliance; Leadership,__DATASET__::Technology,Unknown,High paying,True
503,Product Owner,"Define product vision and manage development roadmap
Industry: Technology",Agile Methodologies; Stakeholder Management; Analytics; Market Research; Communication,__DATASET__::Technology,Unknown,High paying,True
504,Cloud Solutions Architect,"Design scalable cloud infrastructure and migration strategies
Industry: Technology",AWS/Azure; Microservices; DevOps; System Design; Cost Optimization,__DATASET__::Technology,Unknown,High paying,True
505,AI Research Scientist,"Conduct advanced research in artificial intelligence and machine learning
Industry: Science & Research",Deep Learning; Research Methodology; Statistical Analysis; Python; Publications,__DATASET__::Science & Research,Unknown,High paying,True
506,Blockchain Developer,"Develop decentralized applications and smart contracts
Industry: Technology",Solidity; Web3; Cryptography; Distributed Systems; JavaScript,__DATASET__::Technology,Unknown,High paying,True
507,Investment Banking Analyst,"Analyze financial markets and support M&A transactions
Industry: Finance",Financial Modeling; Valuation; Excel; PowerPoint; Market Analysis,__DATASET__::Finance,Unknown,High paying,True
508,Petroleum Engineer,"Design extraction methods for oil and gas resources
Industry: Oil & Gas",Reservoir Engineering; Drilling Technology; Geology; Safety Protocols; CAD,__DATASET__::Oil & Gas,Unknown,High paying,True
509,Neurosurgeon,"Perform complex brain and nervous system surgeries
Industry: Healthcare",Medical Expertise; Surgical Skills; Precision; Decision Making; Stamina,__DATASET__::Healthcare,Unknown,High paying,True
510,Aerospace Engineer,"Design aircraft and spacecraft systems
Industry: Aerospace",Aerodynamics; CAD; Materials Science; Systems Engineering; Testing,__DATASET__::Aerospace,Unknown,High paying,True
511,Clinical Research Scientist,"Lead clinical trials for new medical treatments
Industry: Healthcare",Clinical Trial Design; Statistical Analysis; Regulatory Knowledge; Medical Writing; Ethics,__DATASET__::Healthcare,Unknown,High paying,True
512,Quantitative Analyst,"Develop mathematical models for financial trading
Industry: Finance",Mathematics; Python/R; Statistics; Risk Management; Financial Markets,__DATASET__::Finance,Unknown,High paying,True
513,Senior Software Architect,"Design large-scale software systems and technical strategy
Industry: Technology",System Design; Architecture Patterns; Leadership; Multiple Programming Languages; Scalability,__DATASET__::Technology,Unknown,High paying,True
514,Data Engineering Manager,"Lead teams building data infrastructure and pipelines
Industry: Technology",Data Architecture; Team Leadership; Big Data Tools; Cloud Platforms; Strategy,__DATASET__::Technology,Unknown,High paying,True
515,Pharmaceutical Scientist,"Research and develop new drugs and medical treatments
Industry: Healthcare",Chemistry; Pharmacology; Clinical Research; Regulatory Affairs; Laboratory Skills,__DATASET__::Healthcare,Unknown,High paying,True
516,Chief Information Officer,"Oversee enterprise IT strategy and digital transformation
Industry: Executive Leadership",IT Strategy; Leadership; Digital Transformation; Budgeting; Risk Management,__DATASET__::Executive Leadership,Unknown,High paying,True
517,Principal Consultant,"Provide expert advisory services to Fortune 500 companies
Industry: Consulting",Industry Expertise; Strategic Thinking; Client Management; Presentation Skills; Analytics,__DATASET__::Consulting,Unknown,High paying,True
518,Biomedical Engineer,"Design medical devices and equipment
Industry: Healthcare",Engineering Design; Biology; Medical Device Regulations; CAD; Testing,__DATASET__::Healthcare,Unknown,High paying,True
519,Corporate Finance Director,"Manage corporate financial strategy and capital allocation
Industry: Finance",Financial Planning; M&A; Capital Markets; Leadership; Strategic Analysis,__DATASET__::Finance,Unknown,High paying,True
520,Lead UX Researcher,"Conduct user research to inform product design decisions
Industry: Technology",User Research Methods; Data Analysis; Psychology; Prototyping; Communication,__DATASET__::Technology,Unknown,High paying,True
521,Solutions Engineer,"Provide technical expertise to support sales and implementations
Industry: Technology",Technical Sales; Problem Solving; Communication; Software Architecture; Customer Success,__DATASET__::Technology,Unknown,Average paying,True
522,Digital Marketing Specialist,"Develop and execute digital marketing campaigns
Industry: Marketing",SEO/SEM; Social Media; Analytics; Content Marketing; A/B Testing,__DATASET__::Marketing,Unknown,Average paying,True
523,Technical Writer,"Create documentation for software and technical products
Industry: Technology",Technical Writing; Documentation Tools; Software Understanding; Communication; Research,__DATASET__::Technology,Unknown,Average paying,True
524,Business Intelligence Analyst,"Analyze business data to support decision making
Industry: Business Services",SQL; Tableau/PowerBI; Data Analysis; Business Acumen; Reporting,__DATASET__::Business Services,Unknown,Average paying,True
525,Scrum Master,"Facilitate agile development processes and team collaboration
Industry: Technology",Agile Methodologies; Team Facilitation; Conflict Resolution; Project Management; Communication,__DATASET__::Technology,Unknown,Average paying,True
526,Quality Assurance Engineer,"Ensure software quality through testing and validation
Industry: Technology",Test Automation; Bug Tracking; Testing Methodologies; Scripting; Attention to Detail,__DATASET__::Technology,Unknown,Average paying,True
527,Recruitment Specialist,"Source and recruit talent for various organizational roles
Industry: Human Resources",Talent Acquisition; Interviewing; Networking; Communication; ATS Systems,__DATASET__::Human Resources,Unknown,Average paying,True
528,Financial Planner,"Provide financial planning and investment advice to clients
Industry: Finance",Financial Planning; Investment Knowledge; Client Relations; Regulatory Compliance; Mathematics,__DATASET__::Finance,Unknown,Average paying,True
529,Operations Research Analyst,"Use analytical methods to solve complex business problems
Industry: Business Services",Operations Research; Statistical Analysis; Optimization; Mathematical Modeling; Programming,__DATASET__::Business Services,Unknown,Average paying,True
530,Environmental Consultant,"Assess environmental impact and ensure regulatory compliance
Industry: Environmental Services",Environmental Science; Regulatory Knowledge; Data Collection; Report Writing; Site Assessment,__DATASET__::Environmental Services,Unknown,Average paying,True
531,Instructional Designer,"Design educational content and training programs
Industry: Education",Learning Theory; Curriculum Development; E-learning Tools; Assessment Design; Communication,__DATASET__::Education,Unknown,Average paying,True
532,Supply Chain Analyst,"Optimize supply chain operations and logistics
Industry: Logistics",Supply Chain Management; Data Analysis; Forecasting; Process Improvement; ERP Systems,__DATASET__::Logistics,Unknown,Average paying,True
533,Market Research Analyst,"Conduct market research to identify business opportunities
Industry: Marketing",Market Research; Statistical Analysis; Survey Design; Data Interpretation; Presentation Skills,__DATASET__::Marketing,Unknown,Average paying,True
534,Systems Administrator,"Maintain and troubleshoot IT infrastructure and systems
Industry: Technology",System Administration; Networking; Troubleshooting; Scripting; Security,__DATASET__::Technology,Unknown,Average paying,True
535,Credit Analyst,"Evaluate creditworthiness of individuals and organizations
Industry: Finance",Credit Analysis; Financial Statement Analysis; Risk Assessment; Regulatory Knowledge; Attention to Detail,__DATASET__::Finance,Unknown,Average paying,True
536,Training Coordinator,"Organize and deliver training programs for employees
Industry: Human Resources",Training Development; Presentation Skills; Learning Management Systems; Communication; Organization,__DATASET__::Human Resources,Unknown,Average paying,True
537,Database Administrator,"Manage and maintain database systems and data integrity
Industry: Technology",Database Management; SQL; Backup and Recovery; Performance Tuning; Security,__DATASET__::Technology,Unknown,Average paying,True
538,Compliance Officer,"Ensure organizational adherence to regulatory requirements
Industry: Legal Services",Regulatory Knowledge; Risk Assessment; Audit Skills; Communication; Attention to Detail,__DATASET__::Legal Services,Unknown,Average paying,True
539,User Experience Designer,"Design intuitive and engaging user interfaces
Industry: Technology",UX Design; Prototyping; User Research; Visual Design; Interaction Design,__DATASET__::Technology,Unknown,Average paying,True
540,Social Media Manager,"Manage social media presence and engagement strategies
Industry: Marketing",Social Media Platforms; Content Creation; Analytics; Community Management; Brand Management,__DATASET__::Marketing,Unknown,Average paying,True
541,Laboratory Technician,"Conduct scientific tests and experiments in laboratory settings
Industry: Science & Research",Laboratory Techniques; Data Collection; Scientific Equipment; Safety Protocols; Attention to Detail,__DATASET__::Science & Research,Unknown,Average paying,True
542,Purchasing Agent,"Negotiate and manage procurement of goods and services
Industry: Business Services",Negotiation; Vendor Management; Cost Analysis; Contract Management; Supply Chain Knowledge,__DATASET__::Business Services,Unknown,Average paying,True
543,Health Information Technician,"Manage and organize healthcare data and records
Industry: Healthcare",Medical Coding; Health Information Systems; Data Management; Privacy Regulations; Attention to Detail,__DATASET__::Healthcare,Unknown,Average paying,True
544,Paralegal,"Provide legal support and research assistance
Industry: Legal Services",Legal Research; Document Preparation; Case Management; Legal Software; Communication,__DATASET__::Legal Services,Unknown,Average paying,True
545,Event Coordinator,"Plan and execute corporate and special events
Industry: Event Planning",Event Planning; Vendor Management; Budget Management; Communication; Time Management,__DATASET__::Event Planning,Unknown,Average paying,True
546,Graphic Designer,"Create visual content for various media and platforms
Industry: Creative Services",Graphic Design; Adobe Creative Suite; Visual Communication; Brand Guidelines; Creativity,__DATASET__::Creative Services,Unknown,Average paying,True
547,Sales Development Representative,"Generate leads and qualify prospects for sales team
Industry: Sales",Lead Generation; CRM Systems; Communication; Sales Process; Prospecting,__DATASET__::Sales,Unknown,Average paying,True
548,Manufacturing Engineer,"Optimize manufacturing processes and production efficiency
Industry: Manufacturing",Manufacturing Processes; Lean Manufacturing; CAD; Process Improvement; Quality Control,__DATASET__::Manufacturing,Unknown,Average paying,True
549,Tax Accountant,"Prepare and file tax returns for individuals and businesses
Industry: Finance",Tax Law; Accounting Software; Attention to Detail; Analytical Skills; Communication,__DATASET__::Finance,Unknown,Average paying,True
550,Content Marketing Manager,"Develop content strategies to drive brand awareness and engagement
Industry: Marketing",Content Strategy; SEO; Analytics; Brand Management; Creative Writing,__DATASET__::Marketing,Unknown,Average paying,True
551,Help Desk Technician,"Provide first-level technical support to end users
Industry: Technology",Technical Support; Troubleshooting; Customer Service; IT Systems; Communication,__DATASET__::Technology,Unknown,Low paying,True
552,Administrative Assistant,"Provide administrative support to executives and teams
Industry: Business Services",Office Administration; Calendar Management; Communication; Microsoft Office; Organization,__DATASET__::Business Services,Unknown,Low paying,True
553,Customer Service Representative,"Handle customer inquiries and resolve issues
Industry: Customer Service",Customer Service; Communication; Problem Solving; CRM Systems; Patience,__DATASET__::Customer Service,Unknown,Low paying,True
554,Data Entry Clerk,"Input and maintain accurate data in computer systems
Industry: Business Services",Data Entry; Attention to Detail; Typing Speed; Database Software; Accuracy,__DATASET__::Business Services,Unknown,Low paying,True
555,Receptionist,"Greet visitors and manage front desk operations
Industry: Business Services",Customer Service; Phone Etiquette; Scheduling; Communication; Professional Appearance,__DATASET__::Business Services,Unknown,Low paying,True
556,Warehouse Associate,"Handle inventory management and order fulfillment
Industry: Warehousing",Inventory Management; Physical Stamina; Attention to Detail; Warehouse Management Systems; Safety,__DATASET__::Warehousing,Unknown,Low paying,True
557,Retail Sales Associate,"Assist customers with purchases and product information
Industry: Retail",Customer Service; Sales Skills; Product Knowledge; Cash Handling; Communication,__DATASET__::Retail,Unknown,Low paying,True
558,Food Service Worker,"Prepare and serve food in restaurant or cafeteria settings
Industry: Food Service",Food Preparation; Customer Service; Sanitation; Teamwork; Physical Stamina,__DATASET__::Food Service,Unknown,Low paying,True
559,Security Guard,"Monitor premises and ensure safety and security
Industry: Security",Security Procedures; Observation Skills; Communication; Physical Fitness; Emergency Response,__DATASET__::Security,Unknown,Low paying,True
560,Janitor,"Maintain cleanliness and sanitation of facilities
Industry: Cleaning Services",Cleaning Techniques; Equipment Operation; Attention to Detail; Physical Stamina; Time Management,__DATASET__::Cleaning Services,Unknown,Low paying,True
561,Delivery Driver,"Transport goods and packages to customers
Industry: Transportation",Driving Skills; Navigation; Customer Service; Time Management; Physical Stamina,__DATASET__::Transportation,Unknown,Low paying,True
562,Cashier,"Process customer transactions and handle payments
Industry: Retail",Cash Handling; Customer Service; Attention to Detail; Point of Sale Systems; Mathematics,__DATASET__::Retail,Unknown,Low paying,True
563,Maintenance Worker,"Perform routine maintenance and repairs on facilities
Industry: Maintenance Services",Maintenance Skills; Tool Usage; Problem Solving; Safety Protocols; Physical Skills,__DATASET__::Maintenance Services,Unknown,Low paying,True
564,Landscaping Worker,"Maintain and beautify outdoor spaces and gardens
Industry: Landscaping",Landscaping; Plant Knowledge; Equipment Operation; Physical Stamina; Attention to Detail,__DATASET__::Landscaping,Unknown,Low paying,True
565,Kitchen Assistant,"Support kitchen operations in food service establishments
Industry: Food Service",Food Preparation; Sanitation; Teamwork; Physical Stamina; Following Instructions,__DATASET__::Food Service,Unknown,Low paying,True
566,Parking Attendant,"Manage parking facilities and assist customers
Industry: Facilities Management",Customer Service; Cash Handling; Attention to Detail; Physical Activity; Communication,__DATASET__::Facilities Management,Unknown,Low paying,True
567,Farm Worker,"Perform agricultural tasks and crop maintenance
Industry: Agriculture",Agricultural Skills; Physical Stamina; Equipment Operation; Seasonal Work; Attention to Detail,__DATASET__::Agriculture,Unknown,Low paying,True
568,Housekeeping Aide,"Clean and maintain residential or commercial properties
Industry: Cleaning Services",Cleaning Skills; Attention to Detail; Time Management; Physical Stamina; Reliability,__DATASET__::Cleaning Services,Unknown,Low paying,True
569,Library Assistant,"Support library operations and help patrons
Industry: Education",Customer Service; Organization; Computer Skills; Attention to Detail; Communication,__DATASET__::Education,Unknown,Low paying,True
570,Assembly Line Worker,"Assemble products on manufacturing production lines
Industry: Manufacturing",Manual Dexterity; Attention to Detail; Teamwork; Physical Stamina; Quality Control,__DATASET__::Manufacturing,Unknown,Low paying,True
571,Childcare Worker,"Supervise and care for children in daycare settings
Industry: Education",Child Development; Patience; Communication; Safety Awareness; Creativity,__DATASET__::Education,Unknown,Low paying,True
572,Dog Walker,"Provide exercise and care services for pets
Industry: Pet Services",Animal Handling; Physical Fitness; Reliability; Love for Animals; Communication,__DATASET__::Pet Services,Unknown,Low paying,True
573,Dishwasher,"Clean dishes and maintain kitchen sanitation
Industry: Food Service",Sanitation; Physical Stamina; Teamwork; Attention to Detail; Following Instructions,__DATASET__::Food Service,Unknown,Low paying,True
574,Hotel Housekeeper,"Clean and maintain hotel rooms and facilities
Industry: Hospitality",Cleaning Skills; Attention to Detail; Time Management; Physical Stamina; Hospitality,__DATASET__::Hospitality,Unknown,Low paying,True
575,Telemarketer,"Make outbound calls to promote products or services
Industry: Sales",Communication; Persistence; Sales Skills; Computer Skills; Stress Management,__DATASET__::Sales,Unknown,Low paying,True
576,Product Manager,"Define product strategy and coordinate development teams
Industry: Technology",Product Management; Market Research; Stakeholder Management; Analytics; Strategic Thinking,__DATASET__::Technology,Unknown,High paying,True
577,Principal Data Scientist,"Lead data science initiatives and advanced analytics projects
Industry: Technology",Advanced Statistics; Machine Learning; Team Leadership; Business Strategy; Python/R,__DATASET__::Technology,Unknown,High paying,True
578,Senior DevOps Engineer,"Design and implement CI/CD pipelines and infrastructure automation
Industry: Technology",DevOps; Kubernetes; Cloud Platforms; Infrastructure as Code; Automation,__DATASET__::Technology,Unknown,High paying,True
579,Enterprise Architect,"Design enterprise-wide technology architecture and standards
Industry: Technology",Enterprise Architecture; System Integration; Technology Strategy; Leadership; Communication,__DATASET__::Technology,Unknown,High paying,True
580,Chief Marketing Officer,"Develop and execute comprehensive marketing strategies
Industry: Executive Leadership",Marketing Strategy; Brand Management; Digital Marketing; Team Leadership; Analytics,__DATASET__::Executive Leadership,Unknown,High paying,True
581,Investment Manager,"Manage investment portfolios and client relationships
Industry: Finance",Portfolio Management; Financial Analysis; Risk Management; Client Relations; Market Knowledge,__DATASET__::Finance,Unknown,High paying,True
582,Cardiologist,"Diagnose and treat heart and cardiovascular conditions
Industry: Healthcare",Medical Expertise; Diagnostic Skills; Patient Care; Surgical Skills; Continuous Learning,__DATASET__::Healthcare,Unknown,High paying,True
583,Patent Attorney,"Provide legal counsel on intellectual property matters
Industry: Legal Services",Patent Law; Technical Knowledge; Legal Research; Writing Skills; Analytical Thinking,__DATASET__::Legal Services,Unknown,High paying,True
584,Principal Software Engineer,"Lead complex software development projects and technical decisions
Industry: Technology",Advanced Programming; System Design; Technical Leadership; Code Review; Mentoring,__DATASET__::Technology,Unknown,High paying,True
585,Head of Product,"Oversee product portfolio and strategic product direction
Industry: Technology",Product Strategy; Market Analysis; Team Leadership; Stakeholder Management; Innovation,__DATASET__::Technology,Unknown,High paying,True
586,Senior Management Consultant,"Advise executives on strategic business transformations
Industry: Consulting",Strategic Analysis; Change Management; Client Management; Industry Expertise; Leadership,__DATASET__::Consulting,Unknown,High paying,True
587,Chief Data Officer,"Lead enterprise data strategy and governance initiatives
Industry: Executive Leadership",Data Strategy; Data Governance; Analytics; Leadership; Digital Transformation,__DATASET__::Executive Leadership,Unknown,High paying,True
588,Interventional Radiologist,"Perform minimally invasive medical procedures using imaging guidance
Industry: Healthcare",Medical Imaging; Surgical Skills; Patient Care; Technical Expertise; Precision,__DATASET__::Healthcare,Unknown,High paying,True
589,Hedge Fund Manager,"Manage investment funds and trading strategies
Industry: Finance",Investment Strategy; Risk Management; Financial Markets; Quantitative Analysis; Leadership,__DATASET__::Finance,Unknown,High paying,True
590,VP of Engineering,"Lead engineering organizations and technical strategy
Industry: Technology",Engineering Leadership; Technical Strategy; Team Building; Product Development; Innovation,__DATASET__::Technology,Unknown,High paying,True
591,Senior Business Analyst,"Analyze business processes and recommend improvements
Industry: Business Services",Business Analysis; Process Modeling; Stakeholder Management; Requirements Gathering; Communication,__DATASET__::Business Services,Unknown,Average paying,True
592,Marketing Automation Specialist,"Implement and manage marketing automation campaigns
Industry: Marketing",Marketing Automation; Email Marketing; CRM Systems; Analytics; Campaign Management,__DATASET__::Marketing,Unknown,Average paying,True
593,Technical Support Engineer,"Provide advanced technical support for software products
Industry: Technology",Technical Troubleshooting; Customer Service; Software Knowledge; Communication; Problem Solving,__DATASET__::Technology,Unknown,Average paying,True
594,Operations Coordinator,"Coordinate operational activities and process improvements
Industry: Business Services",Operations Management; Project Coordination; Process Improvement; Communication; Organization,__DATASET__::Business Services,Unknown,Average paying,True
595,HR Business Partner,"Provide strategic HR support to business units
Industry: Human Resources",HR Strategy; Employee Relations; Talent Management; Business Acumen; Communication,__DATASET__::Human Resources,Unknown,Average paying,True
596,Financial Controller,"Oversee financial reporting and accounting operations
Industry: Finance",Financial Reporting; Accounting Standards; Team Management; Budgeting; Compliance,__DATASET__::Finance,Unknown,Average paying,True
597,Product Marketing Manager,"Develop go-to-market strategies for products
Industry: Marketing",Product Marketing; Market Research; Competitive Analysis; Campaign Management; Communication,__DATASET__::Marketing,Unknown,Average paying,True
598,Site Reliability Engineer,"Ensure reliability and performance of production systems
Industry: Technology",System Reliability; Monitoring; Automation; Incident Response; Performance Optimization,__DATASET__::Technology,Unknown,Average paying,True
599,Learning and Development Specialist,"Design and deliver employee training programs
Industry: Human Resources",Training Design; Adult Learning; Facilitation; LMS Administration; Assessment,__DATASET__::Human Resources,Unknown,Average paying,True
600,Business Development Manager,"Identify and pursue new business opportunities
Industry: Sales",Business Development; Sales Strategy; Relationship Building; Market Analysis; Negotiation,__DATASET__::Sales,Unknown,Average paying,True
601,Junior Software Developer,"Develop software applications under senior guidance
Industry: Technology",Programming; Debugging; Version Control; Testing; Learning Agility,__DATASET__::Technology,Unknown,Average paying,True
602,Marketing Coordinator,"Support marketing campaigns and activities
Industry: Marketing",Marketing Support; Content Creation; Social Media; Event Coordination; Communication,__DATASET__::Marketing,Unknown,Average paying,True
603,Accounts Receivable Specialist,"Manage customer billing and payment collection
Industry: Finance",Accounts Receivable; Billing Systems; Customer Service; Attention to Detail; Communication,__DATASET__::Finance,Unknown,Average paying,True
604,IT Support Specialist,"Provide technical support for hardware and software issues
Industry: Technology",IT Support; Hardware Troubleshooting; Software Installation; Customer Service; Documentation,__DATASET__::Technology,Unknown,Average paying,True
605,Logistics Coordinator,"Coordinate shipments and supply chain activities
Industry: Logistics",Logistics; Inventory Management; Communication; Organization; Problem Solving,__DATASET__::Logistics,Unknown,Average paying,True
606,Junior Graphic Designer,"Create visual designs for various marketing materials
Industry: Creative Services",Graphic Design; Adobe Creative Suite; Brand Guidelines; Creativity; Time Management,__DATASET__::Creative Services,Unknown,Average paying,True
607,Customer Success Manager,"Ensure customer satisfaction and retention
Industry: Business Services",Customer Success; Relationship Management; Product Knowledge; Communication; Problem Solving,__DATASET__::Business Services,Unknown,Average paying,True
608,Payroll Specialist,"Process payroll and maintain employee compensation records
Industry: Human Resources",Payroll Processing; Payroll Software; Attention to Detail; Confidentiality; Compliance,__DATASET__::Human Resources,Unknown,Average paying,True
609,Research Assistant,"Support research projects and data collection activities
Industry: Science & Research",Research Methods; Data Collection; Literature Review; Analytical Skills; Organization,__DATASET__::Science & Research,Unknown,Average paying,True
610,Junior Accountant,"Assist with accounting tasks and financial record keeping
Industry: Finance",Accounting; Financial Reporting; Bookkeeping; Attention to Detail; Analytical Skills,__DATASET__::Finance,Unknown,Average paying,True
611,Social Worker,"Provide support services to individuals and families in need
Industry: Social Services",Social Work; Case Management; Counseling; Advocacy; Empathy,__DATASET__::Social Services,Unknown,Average paying,True
612,Occupational Therapist,"Help patients develop or recover daily living skills
Industry: Healthcare",Occupational Therapy; Patient Assessment; Treatment Planning; Rehabilitation; Empathy,__DATASET__::Healthcare,Unknown,Average paying,True
613,Physical Therapist,"Provide rehabilitation services for patients with physical injuries
Industry: Healthcare",Physical Therapy; Anatomy; Exercise Prescription; Patient Care; Manual Therapy,__DATASET__::Healthcare,Unknown,Average paying,True
614,Dental Hygienist,"Provide preventive dental care and patient education
Industry: Healthcare",Dental Hygiene; Patient Care; Dental Equipment; Health Education; Attention to Detail,__DATASET__::Healthcare,Unknown,Average paying,True
615,Registered Nurse,"Provide direct patient care in healthcare settings
Industry: Healthcare",Nursing; Patient Care; Medical Procedures; Documentation; Empathy,__DATASET__::Healthcare,Unknown,Average paying,True
616,Elementary School Teacher,"Educate and nurture young students in elementary grades
Industry: Education",Teaching; Curriculum Development; Classroom Management; Child Development; Patience,__DATASET__::Education,Unknown,Average paying,True
617,High School Teacher,"Educate students in specific subject areas
Industry: Education",Subject Matter Expertise; Teaching; Lesson Planning; Classroom Management; Communication,__DATASET__::Education,Unknown,Average paying,True
618,Librarian,"Manage library resources and assist patrons with information needs
Industry: Education",Library Science; Information Management; Research Skills; Customer Service; Organization,__DATASET__::Education,Unknown,Average paying,True
619,Mental Health Counselor,"Provide counseling services to individuals with mental health issues
Industry: Healthcare",Counseling; Psychology; Active Listening; Empathy; Treatment Planning,__DATASET__::Healthcare,Unknown,Average paying,True
620,Veterinary Technician,"Assist veterinarians with animal care and medical procedures
Industry: Animal Services",Veterinary Medicine; Animal Handling; Medical Equipment; Patient Care; Attention to Detail,__DATASET__::Animal Services,Unknown,Average paying,True
621,File Clerk,"Organize and maintain filing systems and records
Industry: Business Services",Filing Systems; Organization; Attention to Detail; Data Entry; Record Keeping,__DATASET__::Business Services,Unknown,Low paying,True
622,Ticket Taker,"Collect tickets and direct patrons at entertainment venues
Industry: Entertainment",Customer Service; Crowd Management; Attention to Detail; Communication; Standing,__DATASET__::Entertainment,Unknown,Low paying,True
623,Concession Stand Worker,"Sell food and beverages at entertainment venues
Industry: Food Service",Food Service; Cash Handling; Customer Service; Inventory Management; Teamwork,__DATASET__::Food Service,Unknown,Low paying,True
624,Usher,"Guide and assist patrons at theaters and entertainment venues
Industry: Entertainment",Customer Service; Crowd Management; Communication; Physical Activity; Attention to Detail,__DATASET__::Entertainment,Unknown,Low paying,True
625,Groundskeeper,"Maintain outdoor grounds and facilities
Industry: Landscaping",Landscaping; Equipment Operation; Physical Labor; Attention to Detail; Weather Tolerance,__DATASET__::Landscaping,Unknown,Low paying,True
626,Laundry Attendant,"Operate laundry equipment and fold clothing
Industry: Personal Services",Laundry Operations; Equipment Operation; Attention to Detail; Physical Stamina; Time Management,__DATASET__::Personal Services,Unknown,Low paying,True
627,Car Wash Attendant,"Clean vehicles using various cleaning techniques
Industry: Automotive",Vehicle Cleaning; Physical Labor; Attention to Detail; Customer Service; Teamwork,__DATASET__::Automotive,Unknown,Low paying,True
628,Grocery Store Clerk,"Stock shelves and assist customers in grocery stores
Industry: Retail",Inventory Management; Customer Service; Physical Labor; Attention to Detail; Teamwork,__DATASET__::Retail,Unknown,Low paying,True
629,Fast Food Worker,"Prepare and serve food in fast-food restaurants
Industry: Food Service",Food Preparation; Customer Service; Speed; Teamwork; Sanitation,__DATASET__::Food Service,Unknown,Low paying,True
630,Movie Theater Attendant,"Assist customers and maintain theater facilities
Industry: Entertainment",Customer Service; Cleaning; Crowd Management; Communication; Physical Activity,__DATASET__::Entertainment,Unknown,Low paying,True
631,Newspaper Delivery,"Deliver newspapers to subscribers
Industry: Media & Publishing",Driving/Cycling; Route Management; Time Management; Physical Activity; Reliability,__DATASET__::Media & Publishing,Unknown,Low paying,True
632,Pet Groomer,"Provide grooming services for pets
Industry: Pet Services",Animal Handling; Grooming Techniques; Customer Service; Patience; Physical Stamina,__DATASET__::Pet Services,Unknown,Low paying,True
633,Furniture Mover,"Transport furniture and household items
Industry: Moving Services",Physical Strength; Lifting Techniques; Customer Service; Teamwork; Problem Solving,__DATASET__::Moving Services,Unknown,Low paying,True
634,Valet Parking Attendant,"Park and retrieve vehicles for customers
Industry: Hospitality",Driving Skills; Customer Service; Physical Activity; Attention to Detail; Time Management,__DATASET__::Hospitality,Unknown,Low paying,True
635,Tour Guide,"Lead tours and provide information to visitors
Industry: Tourism",Public Speaking; Local Knowledge; Customer Service; Communication; Walking/Standing,__DATASET__::Tourism,Unknown,Low paying,True
636,Amusement Park Attendant,"Operate rides and assist guests at amusement parks
Industry: Recreation",Safety Procedures; Customer Service; Equipment Operation; Physical Activity; Attention to Detail,__DATASET__::Recreation,Unknown,Low paying,True
637,Golf Course Maintenance,"Maintain golf course grounds and facilities
Industry: Recreation",Landscaping; Equipment Operation; Physical Labor; Attention to Detail; Early Hours,__DATASET__::Recreation,Unknown,Low paying,True
638,Lifeguard,"Monitor swimming areas and ensure safety of swimmers
Industry: Recreation",Swimming Skills; CPR/First Aid; Safety Awareness; Physical Fitness; Vigilance,__DATASET__::Recreation,Unknown,Low paying,True
639,Ski Lift Operator,"Operate ski lifts and assist skiers
Industry: Recreation",Equipment Operation; Customer Service; Safety Procedures; Physical Activity; Weather Tolerance,__DATASET__::Recreation,Unknown,Low paying,True
640,Boat Rental Attendant,"Rent boats and provide safety instructions
Industry: Recreation",Boating Knowledge; Customer Service; Safety Procedures; Physical Activity; Communication,__DATASET__::Recreation,Unknown,Low paying,True
641,Senior Quality Engineer,"Lead quality assurance programs and process improvements
Industry: Manufacturing",Quality Management; Statistical Analysis; Process Improvement; Leadership; Compliance,__DATASET__::Manufacturing,Unknown,High paying,True
642,Director of Operations,"Oversee operational excellence and strategic initiatives
Industry: Business Services",Operations Management; Strategic Planning; Leadership; Process Optimization; P&L Management,__DATASET__::Business Services,Unknown,High paying,True
643,Principal UX Designer,"Lead user experience design for complex digital products
Industry: Technology",UX Design; Design Systems; User Research; Prototyping; Design Leadership,__DATASET__::Technology,Unknown,High paying,True
644,Senior Research Scientist,"Conduct advanced research and lead scientific projects
Industry: Science & Research",Research Methodology; Scientific Analysis; Grant Writing; Team Leadership; Publication,__DATASET__::Science & Research,Unknown,High paying,True
645,Chief Technology Officer,"Define technology vision and lead engineering organizations
Industry: Executive Leadership",Technology Strategy; Engineering Leadership; Innovation; Digital Transformation; Executive Management,__DATASET__::Executive Leadership,Unknown,High paying,True
646,Investment Banking Director,"Lead M&A transactions and client relationships
Industry: Finance",Corporate Finance; Deal Structuring; Client Management; Team Leadership; Financial Modeling,__DATASET__::Finance,Unknown,High paying,True
647,Chief Operating Officer,"Oversee all operational aspects of the organization
Industry: Executive Leadership",Operations Strategy; Executive Leadership; Process Optimization; Change Management; P&L Management,__DATASET__::Executive Leadership,Unknown,High paying,True
648,Senior Tax Manager,"Manage complex tax planning and compliance for corporations
Industry: Finance",Tax Strategy; Corporate Tax; Regulatory Compliance; Team Leadership; Financial Planning,__DATASET__::Finance,Unknown,High paying,True
649,Principal Solutions Architect,"Design enterprise-level technical solutions
Industry: Technology",Solution Architecture; Technical Leadership; Client Consulting; System Integration; Innovation,__DATASET__::Technology,Unknown,High paying,True
650,VP of Sales,"Lead sales organization and revenue growth strategies
Industry: Sales",Sales Leadership; Revenue Strategy; Team Building; Market Development; Executive Presence,__DATASET__::Sales,Unknown,High paying,True
651,Digital Product Manager,"Manage digital product development and user experience
Industry: Technology",Product Management; Digital Strategy; User Experience; Agile Development; Analytics,__DATASET__::Technology,Unknown,Average paying,True
652,Brand Manager,"Develop and execute brand strategies and campaigns
Industry: Marketing",Brand Management; Marketing Strategy; Campaign Development; Market Research; Creative Direction,__DATASET__::Marketing,Unknown,Average paying,True
653,Compensation Analyst,"Analyze and design employee compensation programs
Industry: Human Resources",Compensation Analysis; HR Analytics; Market Research; Statistical Analysis; Excel,__DATASET__::Human Resources,Unknown,Average paying,True
654,Network Engineer,"Design and maintain network infrastructure
Industry: Technology",Network Engineering; Cisco Technologies; Troubleshooting; Security; Documentation,__DATASET__::Technology,Unknown,Average paying,True
655,Training Manager,"Develop and oversee organizational training programs
Industry: Human Resources",Training Management; Curriculum Development; Adult Learning; Team Leadership; Assessment,__DATASET__::Human Resources,Unknown,Average paying,True
656,Business Operations Analyst,"Analyze business operations and recommend improvements
Industry: Business Services",Operations Analysis; Process Mapping; Data Analysis; Project Management; Communication,__DATASET__::Business Services,Unknown,Average paying,True
657,Email Marketing Specialist,"Develop and execute email marketing campaigns
Industry: Marketing",Email Marketing; Marketing Automation; A/B Testing; Analytics; Creative Writing,__DATASET__::Marketing,Unknown,Average paying,True
658,Application Support Analyst,"Provide support for business applications and systems
Industry: Technology",Application Support; Troubleshooting; SQL; Business Analysis; Customer Service,__DATASET__::Technology,Unknown,Average paying,True
659,Budget Analyst,"Analyze budgets and financial planning for organizations
Industry: Finance",Budget Analysis; Financial Planning; Excel; Cost Analysis; Forecasting,__DATASET__::Finance,Unknown,Average paying,True
660,Facilities Manager,"Manage building operations and maintenance
Industry: Facilities Management",Facilities Management; Vendor Management; Maintenance Planning; Budgeting; Safety Compliance,__DATASET__::Facilities Management,Unknown,Average paying,True
661,Junior Marketing Assistant,"Support marketing activities and campaigns
Industry: Marketing",Marketing Support; Social Media; Content Creation; Administrative Tasks; Communication,__DATASET__::Marketing,Unknown,Low paying,True
662,Office Assistant,"Provide general administrative support to office staff
Industry: Business Services",Administrative Support; Filing; Phone Answering; Data Entry; Customer Service,__DATASET__::Business Services,Unknown,Low paying,True
663,Inventory Clerk,"Track and manage inventory levels and stock movements
Industry: Warehousing",Inventory Management; Data Entry; Attention to Detail; Computer Skills; Organization,__DATASET__::Warehousing,Unknown,Low paying,True
664,Mail Clerk,"Sort and distribute mail within organization
Industry: Postal Services",Mail Sorting; Organization; Attention to Detail; Physical Activity; Time Management,__DATASET__::Postal Services,Unknown,Low paying,True
665,Copy Machine Operator,"Operate copy machines and handle print requests
Industry: Business Services",Equipment Operation; Attention to Detail; Customer Service; Organization; Basic Maintenance,__DATASET__::Business Services,Unknown,Low paying,True
666,Parking Meter Attendant,"Monitor parking meters and issue citations
Industry: Government",Enforcement; Walking; Attention to Detail; Customer Service; Record Keeping,__DATASET__::Government,Unknown,Low paying,True
667,Survey Taker,"Conduct surveys and collect data from respondents
Industry: Research & Development",Data Collection; Communication; Attention to Detail; Patience; Computer Skills,__DATASET__::Research & Development,Unknown,Low paying,True
668,Telemarketing Assistant,"Make calls to promote products or gather information
Industry: Sales",Communication; Phone Skills; Data Entry; Persistence; Customer Service,__DATASET__::Sales,Unknown,Low paying,True
669,Cleaning Service Worker,"Clean offices and commercial buildings
Industry: Cleaning Services",Cleaning Techniques; Attention to Detail; Physical Stamina; Time Management; Reliability,__DATASET__::Cleaning Services,Unknown,Low paying,True
670,Landscape Laborer,"Perform basic landscaping tasks and maintenance
Industry: Landscaping",Physical Labor; Basic Landscaping; Equipment Use; Teamwork; Weather Tolerance,__DATASET__::Landscaping,Unknown,Low paying,True
671,Construction Laborer,"Assist with construction projects and manual labor
Industry: Construction",Physical Labor; Construction Safety; Tool Usage; Teamwork; Following Instructions,__DATASET__::Construction,Unknown,Low paying,True
672,Kitchen Prep Cook,"Prepare ingredients and assist with food preparation
Industry: Food Service",Food Preparation; Kitchen Safety; Sanitation; Teamwork; Time Management,__DATASET__::Food Service,Unknown,Low paying,True
673,Dishwasher/Busser,"Clean dishes and maintain dining area cleanliness
Industry: Food Service",Cleaning; Physical Stamina; Teamwork; Time Management; Attention to Detail,__DATASET__::Food Service,Unknown,Low paying,True
674,Retail Stock Clerk,"Receive and stock merchandise in retail stores
Industry: Retail",Inventory Management; Physical Labor; Attention to Detail; Organization; Teamwork,__DATASET__::Retail,Unknown,Low paying,True
675,Gas Station Attendant,"Assist customers with fuel and vehicle services
Industry: Automotive",Customer Service; Cash Handling; Basic Automotive; Attention to Detail; Physical Activity,__DATASET__::Automotive,Unknown,Low paying,True
676,Animal Kennel Worker,"Care for animals in kennels and shelters
Industry: Animal Services",Animal Care; Cleaning; Physical Stamina; Patience; Attention to Detail,__DATASET__::Animal Services,Unknown,Low paying,True
677,Recycling Worker,"Sort and process recyclable materials
Industry: Environmental Services",Sorting; Physical Labor; Attention to Detail; Environmental Awareness; Teamwork,__DATASET__::Environmental Services,Unknown,Low paying,True
678,Sign Holder,"Hold advertising signs to promote businesses
Industry: Advertising",Physical Stamina; Weather Tolerance; Reliability; Attention to Detail; Customer Interaction,__DATASET__::Advertising,Unknown,Low paying,True
679,Leaflet Distributor,"Distribute flyers and promotional materials
Industry: Advertising",Physical Activity; Customer Interaction; Reliability; Time Management; Communication,__DATASET__::Advertising,Unknown,Low paying,True
680,Event Setup Worker,"Set up equipment and decorations for events
Industry: Event Planning",Physical Labor; Attention to Detail; Teamwork; Time Management; Following Instructions,__DATASET__::Event Planning,Unknown,Low paying,True
681,Senior VP of Technology,"Lead technology transformation and innovation initiatives
Industry: Executive Leadership",Technology Leadership; Digital Transformation; Strategic Planning; Innovation Management; Executive Leadership,__DATASET__::Executive Leadership,Unknown,High paying,True
682,Chief Revenue Officer,"Drive revenue growth and go-to-market strategies
Industry: Executive Leadership",Revenue Strategy; Sales Leadership; Market Development; Strategic Partnerships; Executive Management,__DATASET__::Executive Leadership,Unknown,High paying,True
683,Principal Engineer,"Lead engineering excellence and technical innovation
Industry: Technology",Technical Leadership; Engineering Excellence; System Architecture; Mentoring; Innovation,__DATASET__::Technology,Unknown,High paying,True
684,VP of Product Management,"Oversee product portfolio and strategic roadmap
Industry: Technology",Product Strategy; Portfolio Management; Market Analysis; Leadership; Innovation,__DATASET__::Technology,Unknown,High paying,True
685,Head of Data Science,"Lead data science organization and AI initiatives
Industry: Technology",Data Science Leadership; Machine Learning; AI Strategy; Team Building; Advanced Analytics,__DATASET__::Technology,Unknown,High paying,True
686,Managing Director,"Lead business unit operations and strategic growth
Industry: Executive Leadership",Business Leadership; Strategic Planning; P&L Management; Team Building; Market Development,__DATASET__::Executive Leadership,Unknown,High paying,True
687,Chief Financial Officer,"Oversee financial strategy and corporate finance
Industry: Executive Leadership",Financial Strategy; Corporate Finance; Risk Management; Executive Leadership; Investor Relations,__DATASET__::Executive Leadership,Unknown,High paying,True
688,Senior Vice President,"Lead major business divisions and strategic initiatives
Industry: Executive Leadership",Executive Leadership; Strategic Planning; Business Development; Team Management; Market Strategy,__DATASET__::Executive Leadership,Unknown,High paying,True
689,General Manager,"Manage overall business operations and performance
Industry: Executive Leadership",Operations Management; Business Strategy; Team Leadership; P&L Responsibility; Customer Relations,__DATASET__::Executive Leadership,Unknown,High paying,True
690,Director of Engineering,"Lead engineering teams and technical delivery
Industry: Technology",Engineering Management; Technical Strategy; Team Building; Product Development; Innovation,__DATASET__::Technology,Unknown,High paying,True
691,Corporate Development Manager,"Lead M&A activities and strategic partnerships
Industry: Finance",Corporate Development; Financial Analysis; Deal Structuring; Due Diligence; Negotiation,__DATASET__::Finance,Unknown,Average paying,True
692,Regional Sales Manager,"Manage sales operations across geographic regions
Industry: Sales",Sales Management; Territory Management; Team Leadership; Customer Relations; Revenue Growth,__DATASET__::Sales,Unknown,Average paying,True
693,Product Operations Manager,"Optimize product development processes and workflows
Industry: Technology",Product Operations; Process Improvement; Cross-functional Collaboration; Analytics; Project Management,__DATASET__::Technology,Unknown,Average paying,True
694,Customer Experience Manager,"Design and improve customer journey and satisfaction
Industry: Business Services",Customer Experience; Journey Mapping; Analytics; Process Improvement; Stakeholder Management,__DATASET__::Business Services,Unknown,Average paying,True
695,Revenue Operations Analyst,"Analyze and optimize revenue processes and systems
Industry: Business Services",Revenue Operations; Sales Analytics; CRM Management; Process Optimization; Data Analysis,__DATASET__::Business Services,Unknown,Average paying,True
696,AI Prompt Engineer,"Design and optimize prompts for AI language models
Industry: Technology",Prompt Engineering; NLP; Data Analysis; Creativity; Experimentation,__DATASET__::Technology,Unknown,High paying,True
697,Remote Work Policy Advisor,"Develop and implement remote work strategies for organizations
Industry: Business Services",Policy Development; HR Strategy; Communication; Change Management; Research,__DATASET__::Business Services,Unknown,Average paying,True
698,Electric Vehicle Technician,"Maintain and repair electric vehicles and charging stations
Industry: Automotive",EV Systems; Diagnostics; Electrical Engineering; Safety Protocols; Problem Solving,__DATASET__::Automotive,Unknown,Average paying,True
699,Podcast Marketing Manager,"Promote and grow podcast audiences through digital channels
Industry: Media & Publishing",Podcast Promotion; Social Media; Analytics; Content Strategy; Communication,__DATASET__::Media & Publishing,Unknown,Average paying,True
700,Drone Delivery Operator,"Manage and operate drone-based delivery services
Industry: Logistics",Drone Piloting; Logistics; Safety Compliance; Navigation; Customer Service,__DATASET__::Logistics,Unknown,Average paying,True
701,Climate Policy Analyst,"Research and advise on climate-related policies and regulations
Industry: Government",Policy Analysis; Environmental Science; Research; Communication; Data Interpretation,__DATASET__::Government,Unknown,High paying,True
702,Digital Health Coach,"Guide clients in using technology for health and wellness
Industry: Healthcare",Health Coaching; Digital Tools; Communication; Motivation; Data Tracking,__DATASET__::Healthcare,Unknown,Average paying,True
703,3D Printing Technician,"Operate and maintain 3D printers for various applications
Industry: Manufacturing",3D Printing; CAD; Troubleshooting; Material Science; Attention to Detail,__DATASET__::Manufacturing,Unknown,Average paying,True
704,Online Fundraising Specialist,"Plan and execute digital fundraising campaigns for nonprofits
Industry: Nonprofit",Fundraising; Digital Marketing; Communication; Analytics; Campaign Management,__DATASET__::Nonprofit,Unknown,Average paying,True
705,Voice User Interface Designer,"Design conversational interfaces for voice-activated devices
Industry: Technology",Voice UX; Interaction Design; Prototyping; User Research; Creativity,__DATASET__::Technology,Unknown,High paying,True
706,Urban Mobility Planner,"Design transportation solutions for growing cities
Industry: Urban Development",Urban Planning; Transportation Systems; Data Analysis; Communication; Innovation,__DATASET__::Urban Development,Unknown,Average paying,True
707,AI Ethics Consultant,"Advise organizations on responsible AI use
Industry: Technology",Ethics; AI Policy; Communication; Risk Assessment; Research,__DATASET__::Technology,Unknown,High paying,True
708,Hydrogen Fuel Cell Technician,"Maintain and repair hydrogen energy systems
Industry: Energy",Hydrogen Systems; Diagnostics; Electrical Engineering; Safety Protocols; Troubleshooting,__DATASET__::Energy,Unknown,Average paying,True
709,Digital Currency Compliance Officer,"Ensure cryptocurrency operations meet legal standards
Industry: Finance",Compliance; Cryptocurrency; Regulatory Knowledge; Risk Management; Communication,__DATASET__::Finance,Unknown,High paying,True
710,Remote Learning Facilitator,"Support students and teachers in virtual classrooms
Industry: Education",Education Technology; Communication; Organization; Troubleshooting; Empathy,__DATASET__::Education,Unknown,Average paying,True
711,Smart Home Installer,"Set up and configure home automation systems
Industry: Technology",Home Automation; Networking; Troubleshooting; Customer Service; Security,__DATASET__::Technology,Unknown,Average paying,True
712,Plant-Based Food Developer,"Create new vegan and vegetarian food products
Industry: Food Production",Food Science; Nutrition; Product Development; Innovation; Quality Control,__DATASET__::Food Production,Unknown,Average paying,True
713,Digital Twin Analyst,"Monitor and optimize virtual models of real-world systems
Industry: Technology",Data Analysis; Simulation; IoT; Problem Solving; Reporting,__DATASET__::Technology,Unknown,Average paying,True
714,Personal Cybersecurity Coach,"Help individuals protect their digital lives
Industry: Technology",Cybersecurity; Communication; Training; Risk Assessment; Technology Awareness,__DATASET__::Technology,Unknown,Average paying,True
715,Remote Onboarding Specialist,"Guide new hires through virtual orientation
Industry: Human Resources",HR; Communication; Organization; Technology Skills; Empathy,__DATASET__::Human Resources,Unknown,Average paying,True
716,AI Model Validator,"Test and verify machine learning models for accuracy
Industry: Technology",Machine Learning; Testing; Data Analysis; Documentation; Python,__DATASET__::Technology,Unknown,High paying,True
717,Digital Art Curator,"Select and manage digital art collections
Industry: Arts & Culture",Art History; Digital Media; Curation; Communication; Research,__DATASET__::Arts & Culture,Unknown,Average paying,True
718,Online Therapy Platform Manager,"Oversee operations of digital mental health services
Industry: Healthcare",Healthcare Management; Technology; Communication; Compliance; Customer Service,__DATASET__::Healthcare,Unknown,High paying,True
719,Electric Scooter Mechanic,"Repair and maintain electric scooters and bikes
Industry: Transportation",Diagnostics; Electrical Systems; Mechanical Skills; Safety; Customer Service,__DATASET__::Transportation,Unknown,Low paying,True
720,Remote Customer Success Trainer,"Teach best practices for virtual client support
Industry: Business Services",Training; Customer Success; Communication; Technology Skills; Coaching,__DATASET__::Business Services,Unknown,Average paying,True
721,AI Data Labeling Supervisor,"Oversee teams tagging data for machine learning
Industry: Technology",Team Management; Data Annotation; Quality Control; Communication; Organization,__DATASET__::Technology,Unknown,Average paying,True
722,Digital Agriculture Consultant,"Advise farms on technology adoption
Industry: Agriculture",Agriculture; Technology; Data Analysis; Communication; Project Management,__DATASET__::Agriculture,Unknown,High paying,True
723,Online Marketplace Manager,"Oversee digital sales platforms and vendor relations
Industry: Sales",E-commerce; Vendor Management; Analytics; Communication; Marketing,__DATASET__::Sales,Unknown,Average paying,True
724,Virtual Reality Safety Trainer,"Develop VR-based safety training programs
Industry: Technology",VR Development; Safety Protocols; Instructional Design; Communication; Innovation,__DATASET__::Technology,Unknown,High paying,True
725,Remote Technical Interviewer,"Conduct coding interviews for distributed teams
Industry: Technology",Technical Assessment; Communication; Coding Skills; Interviewing; Objectivity,__DATASET__::Technology,Unknown,Average paying,True
726,Digital Supply Chain Analyst,"Monitor and optimize online supply networks
Industry: Logistics",Supply Chain; Data Analysis; Technology; Problem Solving; Reporting,__DATASET__::Logistics,Unknown,Average paying,True
727,Online Brand Reputation Analyst,"Track and report on digital brand sentiment
Industry: Marketing",Analytics; Social Listening; Communication; Reporting; Marketing,__DATASET__::Marketing,Unknown,Average paying,True
728,AI-Driven Content Strategist,"Plan content using artificial intelligence tools
Industry: Media & Publishing",Content Strategy; AI Tools; Analytics; Communication; Creativity,__DATASET__::Media & Publishing,Unknown,High paying,True
729,Remote Event Moderator,"Facilitate virtual conferences and webinars
Industry: Event Planning",Event Management; Communication; Technology; Moderation; Problem Solving,__DATASET__::Event Planning,Unknown,Average paying,True
730,Digital Accessibility Tester,"Test websites and apps for accessibility compliance
Industry: Technology",Accessibility Standards; Testing; Reporting; Communication; Empathy,__DATASET__::Technology,Unknown,Average paying,True
731,Online Fitness Program Designer,"Create digital exercise and wellness plans
Industry: Fitness & Recreation",Fitness; Program Design; Technology; Communication; Motivation,__DATASET__::Fitness & Recreation,Unknown,Average paying,True
732,Remote Executive Assistant,"Support executives from a distance
Industry: Business Services",Organization; Communication; Technology; Scheduling; Confidentiality,__DATASET__::Business Services,Unknown,Average paying,True
733,AI-Powered Marketing Analyst,"Leverage AI to optimize marketing campaigns
Industry: Marketing",Marketing Analytics; AI Tools; Data Interpretation; Reporting; Communication,__DATASET__::Marketing,Unknown,High paying,True
734,Digital Fundraising Campaign Manager,"Lead online donation drives for nonprofits
Industry: Nonprofit",Fundraising; Digital Marketing; Campaign Management; Analytics; Communication,__DATASET__::Nonprofit,Unknown,Average paying,True
735,Online Language Tutor,"Teach languages via digital platforms
Industry: Education",Language Proficiency; Teaching; Communication; Technology; Patience,__DATASET__::Education,Unknown,Average paying,True
736,Remote IT Asset Manager,"Track and manage distributed technology resources
Industry: Technology",IT Asset Management; Organization; Technology; Reporting; Communication,__DATASET__::Technology,Unknown,Average paying,True
737,Digital Health Data Analyst,"Analyze patient data from digital health tools
Industry: Healthcare",Data Analysis; Healthcare; Reporting; Privacy; Technology,__DATASET__::Healthcare,Unknown,High paying,True
738,Online Product Demo Specialist,"Showcase products through virtual presentations
Industry: Sales",Presentation Skills; Product Knowledge; Communication; Technology; Sales,__DATASET__::Sales,Unknown,Average paying,True
739,Remote HR Compliance Auditor,"Ensure virtual teams follow employment laws
Industry: Human Resources",HR Compliance; Auditing; Communication; Documentation; Organization,__DATASET__::Human Resources,Unknown,High paying,True
740,AI Chatbot Designer,"Create conversational flows for automated assistants
Industry: Technology",Conversation Design; AI Tools; UX; Scripting; Creativity,__DATASET__::Technology,Unknown,High paying,True
741,Digital Art Therapist,"Use digital media for therapeutic interventions
Industry: Healthcare",Art Therapy; Digital Tools; Empathy; Communication; Creativity,__DATASET__::Healthcare,Unknown,Average paying,True
742,Online Peer Support Facilitator,"Moderate digital mental health support groups
Industry: Healthcare",Facilitation; Empathy; Communication; Technology; Confidentiality,__DATASET__::Healthcare,Unknown,Average paying,True
743,Remote Payroll Coordinator,"Process payroll for distributed teams
Industry: Human Resources",Payroll; HR; Technology; Attention to Detail; Compliance,__DATASET__::Human Resources,Unknown,Average paying,True
744,Digital Product Tester,"Test and review new digital products
Industry: Technology",Testing; Reporting; Technology; Communication; Attention to Detail,__DATASET__::Technology,Unknown,Average paying,True
745,Online Volunteer Coordinator,"Manage remote volunteers for organizations
Industry: Nonprofit",Volunteer Management; Communication; Organization; Technology; Empathy,__DATASET__::Nonprofit,Unknown,Average paying,True
746,Remote Legal Researcher,"Support legal teams with online research
Industry: Legal Services",Legal Research; Technology; Writing; Attention to Detail; Organization,__DATASET__::Legal Services,Unknown,Average paying,True
747,Digital Customer Insights Analyst,"Analyze online customer feedback and trends
Industry: Marketing",Analytics; Data Interpretation; Reporting; Communication; Marketing,__DATASET__::Marketing,Unknown,Average paying,True
748,Remote Technical Account Manager,"Support clients with technical solutions from afar
Industry: Technology",Account Management; Technical Knowledge; Communication; Problem Solving; Customer Service,__DATASET__::Technology,Unknown,High paying,True
749,Online Community Engagement Specialist,"Boost participation in digital groups
Industry: Technology",Community Management; Communication; Social Media; Creativity; Analytics,__DATASET__::Technology,Unknown,Average paying,True
750,Remote Learning Assessment Designer,"Create digital tests and quizzes
Industry: Education",Assessment Design; Education Technology; Analytics; Communication; Creativity,__DATASET__::Education,Unknown,Average paying,True
751,Digital Sustainability Analyst,"Track and report on environmental impact of tech
Industry: Environmental Services",Environmental Science; Data Analysis; Reporting; Technology; Communication,__DATASET__::Environmental Services,Unknown,Average paying,True
752,Remote Medical Billing Specialist,"Process healthcare payments from home
Industry: Healthcare",Medical Billing; Technology; Attention to Detail; Compliance; Communication,__DATASET__::Healthcare,Unknown,Average paying,True
753,Online Course Quality Reviewer,"Ensure digital classes meet standards
Industry: Education",Quality Assurance; Education; Technology; Reporting; Communication,__DATASET__::Education,Unknown,Average paying,True
754,Remote Social Media Content Creator,"Produce posts for brands from anywhere
Industry: Marketing",Content Creation; Social Media; Creativity; Communication; Technology,__DATASET__::Marketing,Unknown,Average paying,True
755,Digital HR Data Analyst,"Analyze workforce data for virtual teams
Industry: Human Resources",Data Analysis; HR; Reporting; Technology; Communication,__DATASET__::Human Resources,Unknown,Average paying,True
756,Remote Customer Retention Specialist,"Keep online clients engaged and loyal
Industry: Sales",Customer Service; Communication; Problem Solving; Technology; Analytics,__DATASET__::Sales,Unknown,Average paying,True
757,Online Product Feedback Coordinator,"Collect and organize digital user reviews
Industry: Technology",Feedback Management; Communication; Organization; Technology; Reporting,__DATASET__::Technology,Unknown,Average paying,True
758,Remote Learning Experience Designer,"Build engaging online education journeys
Industry: Education",Instructional Design; Technology; Creativity; Communication; UX,__DATASET__::Education,Unknown,High paying,True
759,Digital Event Sponsorship Manager,"Secure sponsors for virtual events
Industry: Event Planning",Sponsorship Sales; Event Planning; Communication; Negotiation; Technology,__DATASET__::Event Planning,Unknown,Average paying,True
760,Remote Technical Documentation Specialist,"Write manuals for distributed software teams
Industry: Technology",Technical Writing; Documentation; Technology; Communication; Organization,__DATASET__::Technology,Unknown,Average paying,True
761,Online Diversity & Inclusion Trainer,"Deliver virtual D&I workshops
Industry: Human Resources",Training; Diversity & Inclusion; Communication; Technology; Empathy,__DATASET__::Human Resources,Unknown,Average paying,True
762,Remote Product Launch Coordinator,"Manage digital product rollouts
Industry: Technology",Project Management; Marketing; Technology; Communication; Organization,__DATASET__::Technology,Unknown,Average paying,True
763,Digital Wellness App Coach,"Guide users through health apps
Industry: Wellness",Coaching; Wellness; Technology; Communication; Motivation,__DATASET__::Wellness,Unknown,Average paying,True
764,Remote Data Privacy Officer,"Oversee digital privacy compliance
Industry: Technology",Data Privacy; Compliance; Technology; Communication; Risk Assessment,__DATASET__::Technology,Unknown,High paying,True
765,Online Customer Loyalty Program Manager,"Develop digital rewards initiatives
Industry: Marketing",Loyalty Programs; Marketing; Analytics; Communication; Technology,__DATASET__::Marketing,Unknown,Average paying,True
766,Remote Employee Engagement Analyst,"Track morale in distributed teams
Industry: Human Resources",Analytics; HR; Communication; Reporting; Technology,__DATASET__::Human Resources,Unknown,Average paying,True
767,Digital Product Accessibility Advocate,"Promote inclusive design in tech
Industry: Technology",Accessibility; Advocacy; Communication; Technology; UX,__DATASET__::Technology,Unknown,Average paying,True
768,Remote Brand Partnership Manager,"Build alliances for online brands
Industry: Marketing",Partnerships; Marketing; Negotiation; Communication; Technology,__DATASET__::Marketing,Unknown,Average paying,True
769,Online Learning Analytics Specialist,"Analyze student data from digital courses
Industry: Education",Analytics; Education; Reporting; Technology; Communication,__DATASET__::Education,Unknown,Average paying,True
770,Remote Technical Support Supervisor,"Lead virtual help desk teams
Industry: Technology",Team Leadership; Technical Support; Communication; Technology; Problem Solving,__DATASET__::Technology,Unknown,Average paying,True
771,Digital Content Licensing Manager,"Oversee rights for online media
Industry: Media & Publishing",Licensing; Media Law; Negotiation; Communication; Organization,__DATASET__::Media & Publishing,Unknown,High paying,True
772,Remote Employee Wellness Coordinator,"Organize virtual health initiatives
Industry: Human Resources",Wellness; HR; Communication; Program Management; Technology,__DATASET__::Human Resources,Unknown,Average paying,True
773,Online Product Usability Tester,"Evaluate ease of use for digital tools
Industry: Technology",Usability Testing; UX; Reporting; Communication; Technology,__DATASET__::Technology,Unknown,Average paying,True
774,Remote Digital Marketing Trainer,"Teach online marketing skills
Industry: Marketing",Training; Digital Marketing; Communication; Technology; Coaching,__DATASET__::Marketing,Unknown,Average paying,True
775,Digital Customer Journey Analyst,"Map and improve online user experiences
Industry: Technology",Customer Experience; Analytics; UX; Communication; Technology,__DATASET__::Technology,Unknown,Average paying,True
776,Remote IT Security Analyst,"Monitor cybersecurity for distributed teams
Industry: Technology",Cybersecurity; Monitoring; Reporting; Technology; Communication,__DATASET__::Technology,Unknown,High paying,True
777,Online Community Policy Writer,"Develop guidelines for digital groups
Industry: Technology",Policy Writing; Community Management; Communication; Technology; Research,__DATASET__::Technology,Unknown,Average paying,True
778,Remote Product Analytics Lead,"Oversee data-driven product decisions
Industry: Technology",Analytics; Product Management; Leadership; Communication; Technology,__DATASET__::Technology,Unknown,High paying,True
779,Digital Content Monetization Strategist,"Develop revenue streams for online media
Industry: Media & Publishing",Monetization; Media Strategy; Analytics; Communication; Technology,__DATASET__::Media & Publishing,Unknown,High paying,True
780,Remote Learning Support Specialist,"Assist students in virtual classrooms
Industry: Education",Support; Education; Communication; Technology; Empathy,__DATASET__::Education,Unknown,Average paying,True
781,Online Brand Storyteller,"Create compelling narratives for digital brands
Industry: Marketing",Storytelling; Content Creation; Marketing; Communication; Creativity,__DATASET__::Marketing,Unknown,Average paying,True
782,Remote Technical Skills Assessor,"Test candidates for digital job skills
Industry: Technology",Assessment; Technology; Communication; Reporting; Objectivity,__DATASET__::Technology,Unknown,Average paying,True
783,Digital Product Lifecycle Manager,"Oversee all stages of online product development
Industry: Technology",Product Management; Project Management; Technology; Communication; Analytics,__DATASET__::Technology,Unknown,High paying,True
784,Remote Employee Training Coordinator,"Organize virtual learning sessions
Industry: Human Resources",Training; Organization; Communication; Technology; Scheduling,__DATASET__::Human Resources,Unknown,Average paying,True
785,Online Community Growth Hacker,"Boost membership in digital groups
Industry: Technology",Growth Hacking; Marketing; Analytics; Communication; Technology,__DATASET__::Technology,Unknown,Average paying,True
786,Remote Digital Transformation Lead,"Guide companies through tech adoption
Industry: Consulting",Digital Strategy; Change Management; Communication; Technology; Leadership,__DATASET__::Consulting,Unknown,High paying,True
787,Digital Content Rights Analyst,"Track and enforce online media usage
Industry: Media & Publishing",Rights Management; Analytics; Media Law; Communication; Technology,__DATASET__::Media & Publishing,Unknown,Average paying,True
788,Remote Customer Feedback Analyst,"Analyze online reviews and surveys
Industry: Sales",Analytics; Communication; Reporting; Technology; Customer Service,__DATASET__::Sales,Unknown,Average paying,True
789,Online Product Customization Specialist,"Help users personalize digital tools
Industry: Technology",Customization; UX; Communication; Technology; Problem Solving,__DATASET__::Technology,Unknown,Average paying,True
790,Remote Employee Recognition Program Manager,"Develop digital reward systems
Industry: Human Resources",Recognition Programs; HR; Communication; Technology; Organization,__DATASET__::Human Resources,Unknown,Average paying,True
791,Digital Brand Compliance Officer,"Ensure online branding meets standards
Industry: Marketing",Compliance; Branding; Communication; Technology; Reporting,__DATASET__::Marketing,Unknown,Average paying,True
792,Remote Learning Platform Administrator,"Manage digital education systems
Industry: Education",Platform Administration; Technology; Communication; Troubleshooting; Organization,__DATASET__::Education,Unknown,Average paying,True
793,Online Product Localization Manager,"Adapt digital tools for global markets
Industry: Technology",Localization; Translation; Project Management; Communication; Technology,__DATASET__::Technology,Unknown,High paying,True
794,Remote Digital HR Specialist,"Support virtual HR operations
Industry: Human Resources",HR; Technology; Communication; Organization; Reporting,__DATASET__::Human Resources,Unknown,Average paying,True
795,Digital Customer Advocacy Manager,"Champion user needs in online products
Industry: Technology",Advocacy; Customer Experience; Communication; Technology; Problem Solving,__DATASET__::Technology,Unknown,Average paying,True
796,Remote Technical Training Developer,"Create online tech learning content
Industry: Technology",Instructional Design; Technology; Communication; Training; Creativity,__DATASET__::Technology,Unknown,Average paying,True
797,Online Community Crisis Moderator,"Handle emergencies in digital groups
Industry: Technology",Crisis Management; Community Management; Communication; Technology; Empathy,__DATASET__::Technology,Unknown,Average paying,True
798,Remote Digital Brand Manager,"Oversee online brand presence
Industry: Marketing",Brand Management; Marketing; Communication; Technology; Strategy,__DATASET__::Marketing,Unknown,Average paying,True
799,Digital Product Feedback Analyst,"Analyze user input for online tools
Industry: Technology",Analytics; Feedback Management; Communication; Technology; Reporting,__DATASET__::Technology,Unknown,Average paying,True
800,Remote Employee Benefits Specialist,"Manage virtual perks and insurance
Industry: Human Resources",HR; Benefits Administration; Communication; Technology; Compliance,__DATASET__::Human Resources,Unknown,Average paying,True
801,Online Product Documentation Lead,"Oversee digital manuals and guides
Industry: Technology",Documentation; Writing; Technology; Communication; Organization,__DATASET__::Technology,Unknown,Average paying,True
802,Remote Digital Marketing Analyst,"Track online campaign performance
Industry: Marketing",Analytics; Marketing; Reporting; Technology; Communication,__DATASET__::Marketing,Unknown,Average paying,True
803,Digital Customer Support Chatbot Trainer,"Improve automated help systems
Industry: Technology",Chatbot Training; AI Tools; Communication; Technology; UX,__DATASET__::Technology,Unknown,Average paying,True
804,Remote Learning Content Curator,"Select resources for digital courses
Industry: Education",Content Curation; Education; Technology; Communication; Organization,__DATASET__::Education,Unknown,Average paying,True
805,Online Product Security Tester,"Find vulnerabilities in digital tools
Industry: Technology",Security Testing; Technology; Reporting; Communication; Problem Solving,__DATASET__::Technology,Unknown,High paying,True
806,Remote Employee Onboarding Content Creator,"Develop digital orientation materials
Industry: Human Resources",Content Creation; HR; Technology; Communication; Organization,__DATASET__::Human Resources,Unknown,Average paying,True
807,Digital Customer Experience Program Manager,"Lead initiatives to improve online service
Industry: Technology",Program Management; Customer Experience; Communication; Technology; Analytics,__DATASET__::Technology,Unknown,High paying,True
808,Remote Technical Project Scheduler,"Plan timelines for distributed teams
Industry: Technology",Project Scheduling; Technology; Communication; Organization; Reporting,__DATASET__::Technology,Unknown,Average paying,True
809,Online Product Beta Tester,"Try out new digital features before launch
Industry: Technology",Beta Testing; Feedback; Technology; Communication; Attention to Detail,__DATASET__::Technology,Unknown,Average paying,True
810,Remote Digital HR Compliance Lead,"Ensure virtual teams follow employment laws
Industry: Human Resources",HR Compliance; Auditing; Communication; Documentation; Organization,__DATASET__::Human Resources,Unknown,High paying,True
811,Digital Product Knowledge Base Manager,"Maintain online help resources
Industry: Technology",Knowledge Management; Writing; Technology; Communication; Organization,__DATASET__::Technology,Unknown,Average paying,True
812,Remote Employee Survey Analyst,"Interpret feedback from distributed teams
Industry: Human Resources",Survey Analysis; HR; Analytics; Communication; Reporting,__DATASET__::Human Resources,Unknown,Average paying,True
813,Online Product Roadmap Coordinator,"Track development milestones for digital tools
Industry: Technology",Project Management; Product Management; Communication; Technology; Organization,__DATASET__::Technology,Unknown,Average paying,True
814,Remote Digital Brand Strategist,"Plan online brand direction
Industry: Marketing",Brand Strategy; Marketing; Communication; Technology; Analytics,__DATASET__::Marketing,Unknown,High paying,True
815,Digital Customer Loyalty Analyst,"Study retention trends in online services
Industry: Marketing",Analytics; Customer Experience; Reporting; Communication; Technology,__DATASET__::Marketing,Unknown,Average paying,True
816,Remote Learning Technology Integrator,"Implement new tools in digital classrooms
Industry: Education",EdTech; Integration; Training; Communication; Problem Solving,__DATASET__::Education,Unknown,Average paying,True
817,Online Product Accessibility Tester,"Check digital tools for inclusive design
Industry: Technology",Accessibility Testing; UX; Reporting; Communication; Technology,__DATASET__::Technology,Unknown,Average paying,True
818,Remote Employee Wellness App Coordinator,"Promote digital health tools for staff
Industry: Human Resources",Wellness; HR; Technology; Communication; Program Management,__DATASET__::Human Resources,Unknown,Average paying,True
819,Digital Product Release Manager,"Oversee online tool launches
Industry: Technology",Release Management; Product Management; Communication; Technology; Organization,__DATASET__::Technology,Unknown,High paying,True
820,Remote Digital Marketing Campaign Lead,"Direct virtual ad initiatives
Industry: Marketing",Campaign Management; Marketing; Communication; Technology; Analytics,__DATASET__::Marketing,Unknown,High paying,True
821,Online Community Engagement Data Analyst,"Track participation in digital groups
Industry: Technology",Analytics; Community Management; Reporting; Communication; Technology,__DATASET__::Technology,Unknown,Average paying,True
822,Remote Technical Support Content Writer,"Create help articles for online users
Industry: Technology",Technical Writing; Support; Technology; Communication; Organization,__DATASET__::Technology,Unknown,Average paying,True
823,Digital Product User Researcher,"Study online user behavior
Industry: Technology",User Research; Analytics; Communication; Technology; Reporting,__DATASET__::Technology,Unknown,Average paying,True
824,Remote Employee Training App Developer,"Build digital learning tools
Industry: Technology",App Development; Training; Technology; Communication; UX,__DATASET__::Technology,Unknown,High paying,True
825,Online Product Feature Prioritization Analyst,"Rank new ideas for digital tools
Industry: Technology",Product Management; Analytics; Communication; Technology; Decision Making,__DATASET__::Technology,Unknown,Average paying,True
826,Remote Digital Brand Insights Manager,"Analyze trends for online brands
Industry: Marketing",Brand Insights; Analytics; Communication; Technology; Reporting,__DATASET__::Marketing,Unknown,High paying,True
827,Digital Customer Support Quality Auditor,"Review online help interactions
Industry: Technology",Quality Assurance; Customer Service; Communication; Technology; Reporting,__DATASET__::Technology,Unknown,Average paying,True
828,Remote Learning Platform Tester,"Check digital education tools for bugs
Industry: Education",Testing; Education; Technology; Reporting; Communication,__DATASET__::Education,Unknown,Average paying,True
829,Online Product Usage Data Analyst,"Study how users interact with digital tools
Industry: Technology",Usage Analytics; Reporting; Communication; Technology; Data Interpretation,__DATASET__::Technology,Unknown,Average paying,True
830,Remote Employee Engagement Program Lead,"Design virtual morale initiatives
Industry: Human Resources",Program Management; HR; Communication; Technology; Analytics,__DATASET__::Human Resources,Unknown,Average paying,True
831,Digital Product Translation Coordinator,"Manage localization for online tools
Industry: Technology",Translation; Project Management; Communication; Technology; Organization,__DATASET__::Technology,Unknown,Average paying,True
832,Remote Digital Marketing Content Planner,"Schedule posts for online campaigns
Industry: Marketing",Content Planning; Marketing; Communication; Technology; Organization,__DATASET__::Marketing,Unknown,Average paying,True
833,Online Community Safety Specialist,"Protect digital groups from abuse
Industry: Technology",Safety Protocols; Community Management; Communication; Technology; Crisis Response,__DATASET__::Technology,Unknown,Average paying,True
834,Remote Technical Interview Content Developer,"Write questions for coding assessments
Industry: Technology",Content Creation; Technology; Communication; Assessment; Organization,__DATASET__::Technology,Unknown,Average paying,True
835,Digital Product User Feedback Moderator,"Review and organize online suggestions
Industry: Technology",Moderation; Feedback Management; Communication; Technology; Reporting,__DATASET__::Technology,Unknown,Average paying,True
836,Remote Employee Benefits Data Analyst,"Study usage of virtual perks
Industry: Human Resources",Analytics; HR; Reporting; Communication; Technology,__DATASET__::Human Resources,Unknown,Average paying,True
837,Online Product Security Compliance Lead,"Ensure digital tools meet safety standards
Industry: Technology",Security Compliance; Technology; Communication; Auditing; Reporting,__DATASET__::Technology,Unknown,High paying,True
838,Remote Digital Brand Content Editor,"Review online marketing materials
Industry: Marketing",Editing; Content Creation; Marketing; Communication; Technology,__DATASET__::Marketing,Unknown,Average paying,True
839,Digital Customer Support Training Lead,"Teach best practices for online help
Industry: Technology",Training; Customer Service; Communication; Technology; Coaching,__DATASET__::Technology,Unknown,Average paying,True
840,Remote Learning Platform Support Analyst,"Assist users with digital education tools
Industry: Education",Support; Education; Technology; Communication; Troubleshooting,__DATASET__::Education,Unknown,Average paying,True
841,Online Product Analytics Dashboard Designer,"Build data visualizations for digital tools
Industry: Technology",Dashboard Design; Analytics; Technology; Communication; UX,__DATASET__::Technology,Unknown,Average paying,True
842,Remote Employee Recognition Data Analyst,"Track digital reward program results
Industry: Human Resources",Analytics; HR; Reporting; Communication; Technology,__DATASET__::Human Resources,Unknown,Average paying,True
843,Digital Product User Persona Developer,"Create profiles for online tool users
Industry: Technology",Persona Development; Research; Communication; Technology; Creativity,__DATASET__::Technology,Unknown,Average paying,True
844,Remote Digital Marketing Automation Lead,"Oversee online campaign workflows
Industry: Marketing",Automation; Marketing; Technology; Communication; Project Management,__DATASET__::Marketing,Unknown,High paying,True
845,Online Community Content Scheduler,"Plan posts for digital groups
Industry: Technology",Content Scheduling; Community Management; Communication; Technology; Organization,__DATASET__::Technology,Unknown,Average paying,True
846,Remote Technical Support Quality Lead,"Audit help desk performance
Industry: Technology",Quality Assurance; Technical Support; Communication; Technology; Reporting,__DATASET__::Technology,Unknown,Average paying,True
847,Digital Product User Testing Coordinator,"Organize online usability studies
Industry: Technology",User Testing; Project Management; Communication; Technology; Reporting,__DATASET__::Technology,Unknown,Average paying,True
848,Remote Employee Wellness Survey Designer,"Create digital health questionnaires
Industry: Human Resources",Survey Design; Wellness; HR; Communication; Technology,__DATASET__::Human Resources,Unknown,Average paying,True
849,Online Product Feature Documentation Writer,"Describe new digital tool functions
Industry: Technology",Documentation; Writing; Technology; Communication; Organization,__DATASET__::Technology,Unknown,Average paying,True
850,Remote Digital Brand Campaign Analyst,"Study results of online promotions
Industry: Marketing",Analytics; Marketing; Reporting; Communication; Technology,__DATASET__::Marketing,Unknown,Average paying,True
851,Remote Podcast Editor,"Edit and produce audio for remote podcast teams
Industry: Media & Publishing",Audio Editing; Podcast Production; Communication; Technology; Attention to Detail,__DATASET__::Media & Publishing,Unknown,Average paying,True
852,Online Sustainability Course Instructor,"Teach environmental topics via digital platforms
Industry: Education",Teaching; Environmental Science; Communication; Technology; Curriculum Design,__DATASET__::Education,Unknown,Average paying,True
853,Remote Digital Illustration Artist,"Create illustrations for online media and brands
Industry: Media & Publishing",Digital Art; Creativity; Communication; Technology; Branding,__DATASET__::Media & Publishing,Unknown,Average paying,True
854,Virtual Reality Tour Guide,"Lead immersive tours in VR environments
Industry: Tourism",VR Technology; Communication; Storytelling; Customer Service; Creativity,__DATASET__::Tourism,Unknown,Average paying,True
855,Remote SaaS Implementation Specialist,"Help clients set up and use SaaS products
Industry: Technology",Technical Support; SaaS; Communication; Training; Project Management,__DATASET__::Technology,Unknown,Average paying,True
856,Online Coding Bootcamp Mentor,"Guide students through intensive programming courses
Industry: Education",Programming; Mentoring; Communication; Technology; Problem Solving,__DATASET__::Education,Unknown,Average paying,True
857,Remote Digital PR Specialist,"Manage public relations for online brands
Industry: Marketing",PR Strategy; Communication; Digital Media; Writing; Analytics,__DATASET__::Marketing,Unknown,Average paying,True
858,Online Marketplace Fraud Analyst,"Detect and prevent fraud on e-commerce platforms
Industry: Technology",Fraud Detection; Data Analysis; E-commerce; Communication; Investigation,__DATASET__::Technology,Unknown,Average paying,True
859,Remote Digital Accessibility Advocate,"Promote accessible design in virtual spaces
Industry: Technology",Accessibility; Advocacy; Communication; Technology; UX,__DATASET__::Technology,Unknown,Average paying,True
860,Online Nutrition Coach,"Provide dietary advice via digital platforms
Industry: Healthcare",Nutrition; Coaching; Communication; Technology; Motivation,__DATASET__::Healthcare,Unknown,Average paying,True
861,Remote Digital Advertising Buyer,"Purchase and optimize online ad placements
Industry: Marketing",Advertising; Analytics; Negotiation; Communication; Technology,__DATASET__::Marketing,Unknown,Average paying,True
862,Online Language Assessment Specialist,"Develop and score digital language proficiency tests
Industry: Education",Assessment; Linguistics; Communication; Technology; Data Analysis,__DATASET__::Education,Unknown,Average paying,True
863,Remote Digital Fundraising Strategist,"Plan and execute online giving campaigns
Industry: Nonprofit",Fundraising; Digital Strategy; Communication; Analytics; Project Management,__DATASET__::Nonprofit,Unknown,Average paying,True
864,Online Customer Insights Survey Designer,"Create and analyze digital customer surveys
Industry: Marketing",Survey Design; Analytics; Communication; Technology; Reporting,__DATASET__::Marketing,Unknown,Average paying,True
865,Remote Digital Event Ticketing Manager,"Oversee ticket sales for virtual events
Industry: Event Planning",Ticketing Systems; Event Management; Communication; Technology; Customer Service,__DATASET__::Event Planning,Unknown,Average paying,True
866,Online Digital Rights Manager,"Protect and manage intellectual property online
Industry: Legal Services",IP Law; Digital Media; Communication; Technology; Compliance,__DATASET__::Legal Services,Unknown,Average paying,True
867,Remote Digital Product Demo Host,"Present product features to online audiences
Industry: Sales",Presentation; Product Knowledge; Communication; Technology; Sales,__DATASET__::Sales,Unknown,Average paying,True
868,Online Digital Art Instructor,"Teach art techniques via digital platforms
Industry: Education",Art Instruction; Digital Tools; Communication; Creativity; Technology,__DATASET__::Education,Unknown,Average paying,True
869,Remote Digital Community Safety Lead,"Develop and enforce safety policies for online groups
Industry: Technology",Community Management; Safety Protocols; Communication; Technology; Policy Writing,__DATASET__::Technology,Unknown,Average paying,True
870,Online Digital Brand Licensing Coordinator,"Manage licensing agreements for online brands
Industry: Marketing",Licensing; Contract Management; Communication; Technology; Negotiation,__DATASET__::Marketing,Unknown,Average paying,True
871,Remote Digital Customer Onboarding Lead,"Guide new users through digital product setup
Industry: Technology",Onboarding; Customer Service; Communication; Technology; Training,__DATASET__::Technology,Unknown,Average paying,True
872,Online Digital Product QA Lead,"Oversee quality assurance for online tools
Industry: Technology",QA Testing; Technology; Communication; Leadership; Reporting,__DATASET__::Technology,Unknown,Average paying,True
873,Remote Digital Content Planner,"Strategize and schedule online content releases
Industry: Media & Publishing",Content Strategy; Planning; Communication; Technology; Organization,__DATASET__::Media & Publishing,Unknown,Average paying,True
874,Online Digital Brand Researcher,"Study trends and competitors in online branding
Industry: Marketing",Market Research; Analytics; Communication; Technology; Reporting,__DATASET__::Marketing,Unknown,Average paying,True
875,Remote Digital Product Launch Analyst,"Analyze and report on virtual product launches
Industry: Technology",Analytics; Product Management; Communication; Technology; Reporting,__DATASET__::Technology,Unknown,Average paying,True
876,Online Digital Customer Training Lead,"Develop and deliver online training for customers
Industry: Technology",Training; Communication; Technology; Curriculum Design; Customer Service,__DATASET__::Technology,Unknown,Average paying,True
877,Remote Digital Brand Engagement Analyst,"Track and improve online brand engagement
Industry: Marketing",Analytics; Engagement Strategy; Communication; Technology; Reporting,__DATASET__::Marketing,Unknown,Average paying,True
878,Online Digital Product Security Analyst,"Monitor and report on digital product security
Industry: Technology",Security Analysis; Technology; Communication; Reporting; Risk Assessment,__DATASET__::Technology,Unknown,High paying,True
879,Remote Digital Product Feedback Lead,"Manage user feedback for online products
Industry: Technology",Feedback Management; Communication; Technology; Analytics; Reporting,__DATASET__::Technology,Unknown,Average paying,True
880,Online Digital Brand Content Strategist,"Plan and oversee online brand content
Industry: Marketing",Content Strategy; Branding; Communication; Technology; Analytics,__DATASET__::Marketing,Unknown,Average paying,True
881,Remote Digital Product Support Lead,"Oversee support operations for digital products
Industry: Technology",Support Management; Communication; Technology; Leadership; Problem Solving,__DATASET__::Technology,Unknown,Average paying,True
882,Online Digital Brand Analytics Lead,"Lead analytics for online brand performance
Industry: Marketing",Analytics; Branding; Communication; Technology; Reporting,__DATASET__::Marketing,Unknown,High paying,True
883,Remote Digital Product Marketing Lead,"Direct marketing for digital products
Industry: Marketing",Marketing Strategy; Product Marketing; Communication; Technology; Analytics,__DATASET__::Marketing,Unknown,High paying,True
884,Online Digital Community Growth Lead,"Drive growth for online communities
Industry: Technology",Community Management; Growth Strategy; Communication; Technology; Analytics,__DATASET__::Technology,Unknown,Average paying,True
885,Remote Digital Product Documentation Analyst,"Analyze and improve product documentation
Industry: Technology",Documentation; Analysis; Communication; Technology; Writing,__DATASET__::Technology,Unknown,Average paying,True
886,Online Digital Brand Partnership Lead,"Build partnerships for online brands
Industry: Marketing",Partnerships; Branding; Communication; Technology; Negotiation,__DATASET__::Marketing,Unknown,Average paying,True
887,Remote Digital Product Analytics Analyst,"Analyze data for digital product teams
Industry: Technology",Analytics; Data Interpretation; Communication; Technology; Reporting,__DATASET__::Technology,Unknown,Average paying,True
888,Online Digital Brand Campaign Lead,"Lead online brand campaigns
Industry: Marketing",Campaign Management; Branding; Communication; Technology; Analytics,__DATASET__::Marketing,Unknown,Average paying,True
889,Remote Digital Product Usability Analyst,"Test and report on product usability
Industry: Technology",Usability Testing; UX; Communication; Technology; Reporting,__DATASET__::Technology,Unknown,Average paying,True
890,Online Digital Brand Content Analyst,"Analyze and report on brand content
Industry: Marketing",Content Analysis; Branding; Communication; Technology; Reporting,__DATASET__::Marketing,Unknown,Average paying,True
891,Remote Digital Product Engagement Lead,"Increase user engagement for digital products
Industry: Technology",Engagement Strategy; Communication; Technology; Analytics; Reporting,__DATASET__::Technology,Unknown,Average paying,True
892,Online Digital Brand Insights Analyst,"Provide insights on online brand performance
Industry: Marketing",Analytics; Branding; Communication; Technology; Reporting,__DATASET__::Marketing,Unknown,Average paying,True
893,Remote Digital Product Release Analyst,"Manage and analyze product releases
Industry: Technology",Release Management; Analytics; Communication; Technology; Reporting,__DATASET__::Technology,Unknown,Average paying,True
894,Online Digital Brand Experience Lead,"Enhance online brand experiences
Industry: Marketing",Brand Experience; Communication; Technology; UX; Analytics,__DATASET__::Marketing,Unknown,Average paying,True
895,Remote Digital Product Training Analyst,"Develop training for digital product users
Industry: Technology",Training; Communication; Technology; Curriculum Design; Analytics,__DATASET__::Technology,Unknown,Average paying,True
896,Online Digital Brand Loyalty Analyst,"Analyze and improve brand loyalty
Industry: Marketing",Analytics; Loyalty Programs; Communication; Technology; Reporting,__DATASET__::Marketing,Unknown,Average paying,True
897,Remote Digital Product Content Analyst,"Analyze and optimize product content
Industry: Technology",Content Analysis; Communication; Technology; Analytics; Reporting,__DATASET__::Technology,Unknown,Average paying,True
898,Online Digital Brand Retention Analyst,"Increase retention for online brands
Industry: Marketing",Retention Strategy; Analytics; Communication; Technology; Reporting,__DATASET__::Marketing,Unknown,Average paying,True
899,Remote Digital Product Growth Analyst,"Drive growth for digital products
Industry: Technology",Growth Strategy; Analytics; Communication; Technology; Reporting,__DATASET__::Technology,Unknown,Average paying,True
900,Online Digital Brand Experience Analyst,"Analyze and improve brand experiences
Industry: Marketing",Brand Experience; Analytics; Communication; Technology; Reporting,__DATASET__::Marketing,Unknown,Average paying,True
901,Remote Digital Product Insights Analyst,"Provide insights for digital product teams
Industry: Technology",Analytics; Data Interpretation; Communication; Technology; Reporting,__DATASET__::Technology,Unknown,Average paying,True
902,Online Digital Brand Engagement Lead,"Lead engagement strategies for online brands
Industry: Marketing",Engagement Strategy; Branding; Communication; Technology; Analytics,__DATASET__::Marketing,Unknown,Average paying,True
903,Remote Digital Product Loyalty Analyst,"Increase loyalty for digital products
Industry: Technology",Loyalty Programs; Analytics; Communication; Technology; Reporting,__DATASET__::Technology,Unknown,Average paying,True
904,Online Digital Brand Growth Analyst,"Analyze and drive brand growth
Industry: Marketing",Growth Strategy; Analytics; Communication; Technology; Reporting,__DATASET__::Marketing,Unknown,Average paying,True
905,Remote Digital Product Experience Analyst,"Enhance user experience for digital products
Industry: Technology",UX; Analytics; Communication; Technology; Reporting,__DATASET__::Technology,Unknown,Average paying,True
906,Online Digital Brand Support Analyst,"Support online brand operations
Industry: Marketing",Support; Branding; Communication; Technology; Organization,__DATASET__::Marketing,Unknown,Average paying,True
907,Remote Digital Product Campaign Analyst,"Analyze digital product campaigns
Industry: Technology",Campaign Analysis; Analytics; Communication; Technology; Reporting,__DATASET__::Technology,Unknown,Average paying,True
908,Online Digital Brand Training Analyst,"Develop training for brand teams
Industry: Marketing",Training; Branding; Communication; Technology; Curriculum Design,__DATASET__::Marketing,Unknown,Average paying,True
909,Remote Digital Product Content Lead,"Lead content strategy for digital products
Industry: Technology",Content Strategy; Communication; Technology; Analytics; Leadership,__DATASET__::Technology,Unknown,Average paying,True
910,Online Digital Brand Documentation Analyst,"Analyze and improve brand documentation
Industry: Marketing",Documentation; Branding; Communication; Technology; Writing,__DATASET__::Marketing,Unknown,Average paying,True
911,Remote Digital Product Partnership Analyst,"Build partnerships for digital products
Industry: Technology",Partnerships; Analytics; Communication; Technology; Negotiation,__DATASET__::Technology,Unknown,Average paying,True
912,Online Digital Brand Release Analyst,"Manage and analyze brand releases
Industry: Marketing",Release Management; Branding; Communication; Technology; Reporting,__DATASET__::Marketing,Unknown,Average paying,True
913,Remote Digital Product Experience Lead,"Lead user experience for digital products
Industry: Technology",UX; Leadership; Communication; Technology; Analytics,__DATASET__::Technology,Unknown,High paying,True
914,Online Digital Brand Insights Lead,"Lead insights for online brands
Industry: Marketing",Analytics; Branding; Communication; Technology; Reporting,__DATASET__::Marketing,Unknown,High paying,True
915,Remote Digital Product Retention Analyst,"Increase retention for digital products
Industry: Technology",Retention Strategy; Analytics; Communication; Technology; Reporting,__DATASET__::Technology,Unknown,Average paying,True
916,Online Digital Brand Content Lead,"Lead content for online brands
Industry: Marketing",Content Strategy; Branding; Communication; Technology; Leadership,__DATASET__::Marketing,Unknown,Average paying,True
917,Remote Digital Product Documentation Lead,"Lead documentation for digital products
Industry: Technology",Documentation; Leadership; Communication; Technology; Writing,__DATASET__::Technology,Unknown,Average paying,True
918,Online Digital Brand Partnership Analyst,"Analyze partnerships for online brands
Industry: Marketing",Partnerships; Analytics; Communication; Technology; Reporting,__DATASET__::Marketing,Unknown,Average paying,True
919,Remote Digital Product Campaign Lead,"Lead campaigns for digital products
Industry: Technology",Campaign Management; Analytics; Communication; Technology; Leadership,__DATASET__::Technology,Unknown,Average paying,True
920,Online Digital Brand Experience Lead,"Lead brand experience strategies
Industry: Marketing",Brand Experience; Leadership; Communication; Technology; Analytics,__DATASET__::Marketing,Unknown,High paying,True
921,Remote Digital Product Growth Lead,"Lead growth for digital products
Industry: Technology",Growth Strategy; Leadership; Communication; Technology; Analytics,__DATASET__::Technology,Unknown,High paying,True
922,Online Digital Brand Support Lead,"Lead support for online brands
Industry: Marketing",Support; Branding; Leadership; Communication; Technology,__DATASET__::Marketing,Unknown,Average paying,True
923,Remote Digital Product Insights Lead,"Lead insights for digital product teams
Industry: Technology",Analytics; Leadership; Communication; Technology; Reporting,__DATASET__::Technology,Unknown,High paying,True
924,Online Digital Brand Retention Lead,"Lead retention strategies for online brands
Industry: Marketing",Retention Strategy; Leadership; Communication; Technology; Analytics,__DATASET__::Marketing,Unknown,Average paying,True
926,Online Digital Brand Training Lead,"Lead training for brand teams
Industry: Marketing",Training; Branding; Leadership; Communication; Technology,__DATASET__::Marketing,Unknown,Average paying,True
928,Online Digital Brand Documentation Lead,"Lead documentation for online brands
Industry: Marketing",Documentation; Branding; Leadership; Communication; Technology,__DATASET__::Marketing,Unknown,Average paying,True
929,Remote Digital Product Partnership Lead,"Lead partnerships for digital products
Industry: Technology",Partnerships; Leadership; Communication; Technology; Negotiation,__DATASET__::Technology,Unknown,Average paying,True
930,Online Digital Brand Release Lead,"Lead releases for online brands
Industry: Marketing",Release Management; Branding; Leadership; Communication; Technology,__DATASET__::Marketing,Unknown,Average paying,True
931,Remote Digital Product Engagement Analyst,"Analyze engagement for digital products
Industry: Technology",Engagement Strategy; Analytics; Communication; Technology; Reporting,__DATASET__::Technology,Unknown,Average paying,True
932,Online Digital Brand Growth Lead,"Lead growth for online brands
Industry: Marketing",Growth Strategy; Leadership; Communication; Technology; Analytics,__DATASET__::Marketing,Unknown,High paying,True
933,Remote Digital Product Support Analyst,"Support digital product operations
Industry: Technology",Support; Analytics; Communication; Technology; Organization,__DATASET__::Technology,Unknown,Average paying,True
934,Online Digital Brand Insights Analyst,"Analyze insights for online brands
Industry: Marketing",Analytics; Branding; Communication; Technology; Reporting,__DATASET__::Marketing,Unknown,Average paying,True
935,Remote Digital Product Loyalty Lead,"Lead loyalty programs for digital products
Industry: Technology",Loyalty Programs; Leadership; Communication; Technology; Analytics,__DATASET__::Technology,Unknown,Average paying,True
938,Online Digital Brand Partnership Lead,"Lead partnerships for online brands
Industry: Marketing",Partnerships; Leadership; Communication; Technology; Negotiation,__DATASET__::Marketing,Unknown,Average paying,True
